TRADENO;TRADEDATE;TRADETIME;SECID;BOARDID;PRICE;QUANTITY;VALUE;TYPE;BUYSELL;TRADINGSESSION
4332841156;01.09.2021;09:59:31;SBRB;TQTF;11.335;4;45.34;;B;1
4332841158;01.09.2021;09:59:31;BSPB;TQBR;74.4;10;744;;S;1
4332841159;01.09.2021;09:59:31;BSPB;TQBR;74.4;10;744;;S;1
4332841160;01.09.2021;09:59:31;BSPB;TQBR;74.4;10;744;;S;1
4332841161;01.09.2021;09:59:31;BSPB;TQBR;74.4;50;3720;;S;1
4332841162;01.09.2021;09:59:31;FIVE;TQBR;2445;2;4890;;B;1
4332841163;01.09.2021;09:59:31;FIVE;TQBR;2445;1;2445;;S;1
4332841164;01.09.2021;09:59:31;FIVE;TQBR;2445;23;56235;;S;1
4332841165;01.09.2021;09:59:31;FIVE;TQBR;2445;8;19560;;S;1
4332841166;01.09.2021;09:59:31;FIVE;TQBR;2445;17;41565;;S;1
4332841167;01.09.2021;09:59:31;FIVE;TQBR;2445;69;168705;;S;1
4332841168;01.09.2021;09:59:31;FIVE;TQBR;2445;1;2445;;B;1
4332841169;01.09.2021;09:59:31;FIVE;TQBR;2445;20;48900;;B;1
4332841170;01.09.2021;09:59:31;FIVE;TQBR;2445;1;2445;;B;1
4332841171;01.09.2021;09:59:31;FIVE;TQBR;2445;1;2445;;B;1
4332841172;01.09.2021;09:59:31;FIVE;TQBR;2445;4;9780;;S;1
4332841173;01.09.2021;09:59:31;FIVE;TQBR;2445;6;14670;;B;1
4332841174;01.09.2021;09:59:31;FIVE;TQBR;2445;8;19560;;S;1
4332841175;01.09.2021;09:59:31;FIVE;TQBR;2445;1;2445;;B;1
4332841176;01.09.2021;09:59:31;FIVE;TQBR;2445;10;24450;;B;1
4332841177;01.09.2021;09:59:31;FIVE;TQBR;2445;2;4890;;B;1
4332841178;01.09.2021;09:59:31;FIVE;TQBR;2445;4;9780;;B;1
4332841179;01.09.2021;09:59:31;FIVE;TQBR;2445;1;2445;;B;1
4332841180;01.09.2021;09:59:31;FIVE;TQBR;2445;1;2445;;B;1
4332841181;01.09.2021;09:59:31;FIVE;TQBR;2445;10;24450;;B;1
4332841182;01.09.2021;09:59:31;FIVE;TQBR;2445;35;85575;;S;1
4332841183;01.09.2021;09:59:31;FIVE;TQBR;2445;111;271395;;S;1
4332841184;01.09.2021;09:59:31;FIVE;TQBR;2445;1;2445;;B;1
4332841185;01.09.2021;09:59:31;FIVE;TQBR;2445;2;4890;;B;1
4332841186;01.09.2021;09:59:31;FIVE;TQBR;2445;25;61125;;B;1
4332841187;01.09.2021;09:59:31;FIVE;TQBR;2445;1;2445;;B;1
4332841188;01.09.2021;09:59:31;FIXP;TQBR;682.9;1;682.9;;B;1
4332841189;01.09.2021;09:59:31;GTRK;TQBR;37.3;40;1492;;B;1
4332841190;01.09.2021;09:59:31;HHRU;TQBR;3930;3;11790;;S;1
4332841191;01.09.2021;09:59:31;MTSS;TQBR;330.3;10;3303;;S;1
4332841192;01.09.2021;09:59:31;MTSS;TQBR;330.3;20;6606;;S;1
4332841193;01.09.2021;09:59:31;MTSS;TQBR;330.3;100;33030;;S;1
4332841194;01.09.2021;09:59:31;MTSS;TQBR;330.3;10;3303;;S;1
4332841195;01.09.2021;09:59:31;MTSS;TQBR;330.3;80;26424;;S;1
4332841196;01.09.2021;09:59:31;MTSS;TQBR;330.3;20;6606;;S;1
4332841197;01.09.2021;09:59:31;MTSS;TQBR;330.3;60;19818;;B;1
4332841198;01.09.2021;09:59:31;MTSS;TQBR;330.3;10;3303;;S;1
4332841199;01.09.2021;09:59:31;MTSS;TQBR;330.3;40;13212;;S;1
4332841200;01.09.2021;09:59:31;MTSS;TQBR;330.3;50;16515;;S;1
4332841201;01.09.2021;09:59:31;MTSS;TQBR;330.3;50;16515;;S;1
4332841202;01.09.2021;09:59:31;MTSS;TQBR;330.3;50;16515;;S;1
4332841203;01.09.2021;09:59:31;MTSS;TQBR;330.3;30;9909;;B;1
4332841204;01.09.2021;09:59:31;MTSS;TQBR;330.3;330;108999;;B;1
4332841205;01.09.2021;09:59:31;MTSS;TQBR;330.3;270;89181;;B;1
4332841206;01.09.2021;09:59:31;MTSS;TQBR;330.3;260;85878;;B;1
4332841207;01.09.2021;09:59:31;MTSS;TQBR;330.3;220;72666;;B;1
4332841208;01.09.2021;09:59:31;MTSS;TQBR;330.3;370;122211;;B;1
4332841209;01.09.2021;09:59:31;MTSS;TQBR;330.3;270;89181;;B;1
4332841210;01.09.2021;09:59:31;MTSS;TQBR;330.3;1350;445905;;B;1
4332841211;01.09.2021;09:59:31;MTSS;TQBR;330.3;50;16515;;S;1
4332841212;01.09.2021;09:59:31;MTSS;TQBR;330.3;10;3303;;B;1
4332841213;01.09.2021;09:59:31;MTSS;TQBR;330.3;600;198180;;S;1
4332841214;01.09.2021;09:59:31;MTSS;TQBR;330.3;10;3303;;S;1
4332841215;01.09.2021;09:59:31;MTSS;TQBR;330.3;40;13212;;S;1
4332841216;01.09.2021;09:59:31;MTSS;TQBR;330.3;30;9909;;B;1
4332841217;01.09.2021;09:59:31;MTSS;TQBR;330.3;30;9909;;B;1
4332841218;01.09.2021;09:59:31;MTSS;TQBR;330.3;50;16515;;S;1
4332841219;01.09.2021;09:59:31;MTSS;TQBR;330.3;50;16515;;S;1
4332841220;01.09.2021;09:59:31;OGKB;TQBR;0.7137;1000;713.7;;S;1
4332841221;01.09.2021;09:59:31;OGKB;TQBR;0.7137;1000;713.7;;B;1
4332841222;01.09.2021;09:59:31;OGKB;TQBR;0.7137;3000;2141.1;;B;1
4332841223;01.09.2021;09:59:31;RNFT;TQBR;171.6;1;171.6;;B;1
4332841224;01.09.2021;09:59:31;RNFT;TQBR;171.6;1;171.6;;B;1
4332841225;01.09.2021;09:59:31;RNFT;TQBR;171.6;3;514.8;;B;1
4332841226;01.09.2021;09:59:31;RNFT;TQBR;171.6;18;3088.8;;B;1
4332841227;01.09.2021;09:59:31;RNFT;TQBR;171.6;4;686.4;;B;1
4332841228;01.09.2021;09:59:31;RNFT;TQBR;171.6;24;4118.4;;B;1
4332841229;01.09.2021;09:59:31;RNFT;TQBR;171.6;49;8408.4;;B;1
4332841230;01.09.2021;09:59:31;RNFT;TQBR;171.6;23;3946.8;;B;1
4332841231;01.09.2021;09:59:31;RNFT;TQBR;171.6;49;8408.4;;B;1
4332841232;01.09.2021;09:59:31;RNFT;TQBR;171.6;49;8408.4;;S;1
4332841233;01.09.2021;09:59:31;RNFT;TQBR;171.6;100;17160;;S;1
4332841234;01.09.2021;09:59:31;RNFT;TQBR;171.6;84;14414.4;;S;1
4332841235;01.09.2021;09:59:31;ROLO;TQBR;10.415;100;1041.5;;B;1
4332841236;01.09.2021;09:59:31;RUAL;TQBR;53.5;10;535;;B;1
4332841237;01.09.2021;09:59:31;RUAL;TQBR;53.5;10;535;;B;1
4332841238;01.09.2021;09:59:31;RUAL;TQBR;53.5;500;26750;;B;1
4332841239;01.09.2021;09:59:31;RUAL;TQBR;53.5;20;1070;;B;1
4332841240;01.09.2021;09:59:31;RUAL;TQBR;53.5;470;25145;;S;1
4332841241;01.09.2021;09:59:31;RUAL;TQBR;53.5;10;535;;S;1
4332841242;01.09.2021;09:59:31;RUAL;TQBR;53.5;30;1605;;S;1
4332841243;01.09.2021;09:59:31;RUAL;TQBR;53.5;10;535;;S;1
4332841244;01.09.2021;09:59:31;RUAL;TQBR;53.5;70;3745;;B;1
4332841245;01.09.2021;09:59:31;RUAL;TQBR;53.5;390;20865;;B;1
4332841246;01.09.2021;09:59:31;RUAL;TQBR;53.5;1610;86135;;B;1
4332841247;01.09.2021;09:59:31;RUAL;TQBR;53.5;1020;54570;;B;1
4332841248;01.09.2021;09:59:31;RUAL;TQBR;53.5;10;535;;B;1
4332841249;01.09.2021;09:59:31;RUAL;TQBR;53.5;100;5350;;B;1
4332841250;01.09.2021;09:59:31;RUAL;TQBR;53.5;20;1070;;B;1
4332841251;01.09.2021;09:59:31;RUAL;TQBR;53.5;100;5350;;B;1
4332841252;01.09.2021;09:59:31;RUAL;TQBR;53.5;100;5350;;B;1
4332841253;01.09.2021;09:59:31;RUAL;TQBR;53.5;100;5350;;B;1
4332841254;01.09.2021;09:59:31;RUAL;TQBR;53.5;100;5350;;B;1
4332841255;01.09.2021;09:59:31;RUAL;TQBR;53.5;10;535;;B;1
4332841256;01.09.2021;09:59:31;RUAL;TQBR;53.5;20;1070;;B;1
4332841257;01.09.2021;09:59:31;RUAL;TQBR;53.5;100;5350;;B;1
4332841258;01.09.2021;09:59:31;RUAL;TQBR;53.5;100;5350;;B;1
4332841259;01.09.2021;09:59:31;RUAL;TQBR;53.5;150;8025;;B;1
4332841260;01.09.2021;09:59:31;RUAL;TQBR;53.5;150;8025;;B;1
4332841261;01.09.2021;09:59:31;RUAL;TQBR;53.5;100;5350;;B;1
4332841262;01.09.2021;09:59:31;RUAL;TQBR;53.5;10;535;;B;1
4332841263;01.09.2021;09:59:31;RUAL;TQBR;53.5;100;5350;;B;1
4332841264;01.09.2021;09:59:31;RUAL;TQBR;53.5;100;5350;;B;1
4332841265;01.09.2021;09:59:31;RUAL;TQBR;53.5;100;5350;;B;1
4332841266;01.09.2021;09:59:31;RUAL;TQBR;53.5;10;535;;B;1
4332841267;01.09.2021;09:59:31;RUAL;TQBR;53.5;5000;267500;;B;1
4332841268;01.09.2021;09:59:31;RUAL;TQBR;53.5;20;1070;;B;1
4332841269;01.09.2021;09:59:31;RUAL;TQBR;53.5;100;5350;;B;1
4332841270;01.09.2021;09:59:31;RUAL;TQBR;53.5;10;535;;B;1
4332841271;01.09.2021;09:59:31;RUAL;TQBR;53.5;50;2675;;B;1
4332841272;01.09.2021;09:59:31;RUAL;TQBR;53.5;100;5350;;B;1
4332841273;01.09.2021;09:59:31;RUAL;TQBR;53.5;2000;107000;;B;1
4332841274;01.09.2021;09:59:31;RUAL;TQBR;53.5;400;21400;;B;1
4332841275;01.09.2021;09:59:31;RUAL;TQBR;53.5;20;1070;;B;1
4332841276;01.09.2021;09:59:31;RUAL;TQBR;53.5;100;5350;;B;1
4332841277;01.09.2021;09:59:31;RUAL;TQBR;53.5;26280;1405980;;B;1
4332841278;01.09.2021;09:59:31;RUAL;TQBR;53.5;50;2675;;B;1
4332841279;01.09.2021;09:59:31;RUAL;TQBR;53.5;30;1605;;B;1
4332841280;01.09.2021;09:59:31;RUAL;TQBR;53.5;100;5350;;B;1
4332841281;01.09.2021;09:59:31;RUAL;TQBR;53.5;10;535;;B;1
4332841282;01.09.2021;09:59:31;SNGS;TQBR;33.685;100;3368.5;;S;1
4332841283;01.09.2021;09:59:31;SNGS;TQBR;33.685;100;3368.5;;S;1
4332841284;01.09.2021;09:59:31;SNGS;TQBR;33.685;100;3368.5;;B;1
4332841285;01.09.2021;09:59:31;SNGS;TQBR;33.685;1700;57264.5;;S;1
4332841286;01.09.2021;09:59:31;SNGS;TQBR;33.685;100;3368.5;;B;1
4332841287;01.09.2021;09:59:31;SNGS;TQBR;33.685;100;3368.5;;B;1
4332841288;01.09.2021;09:59:31;SNGS;TQBR;33.685;100;3368.5;;S;1
4332841289;01.09.2021;09:59:31;SNGS;TQBR;33.685;100;3368.5;;B;1
4332841295;01.09.2021;09:59:32;LSRG;TQBR;784.8;6;4708.8;;B;1
4332841296;01.09.2021;09:59:32;LSRG;TQBR;784.8;14;10987.2;;S;1
4332841297;01.09.2021;09:59:32;LSRG;TQBR;784.8;1;784.8;;B;1
4332841298;01.09.2021;09:59:32;LSRG;TQBR;784.8;1;784.8;;B;1
4332841299;01.09.2021;09:59:32;LSRG;TQBR;784.8;1;784.8;;B;1
4332841300;01.09.2021;09:59:32;LSRG;TQBR;784.8;1;784.8;;B;1
4332841301;01.09.2021;09:59:32;LSRG;TQBR;784.8;1;784.8;;B;1
4332841302;01.09.2021;09:59:32;LSRG;TQBR;784.8;3;2354.4;;S;1
4332841303;01.09.2021;09:59:32;LSRG;TQBR;784.8;12;9417.6;;B;1
4332841304;01.09.2021;09:59:32;LSRG;TQBR;784.8;13;10202.4;;B;1
4332841305;01.09.2021;09:59:32;LSRG;TQBR;784.8;3;2354.4;;S;1
4332841306;01.09.2021;09:59:32;LSRG;TQBR;784.8;1;784.8;;S;1
4332841307;01.09.2021;09:59:32;LSRG;TQBR;784.8;8;6278.4;;B;1
4332841308;01.09.2021;09:59:32;LSRG;TQBR;784.8;2;1569.6;;B;1
4332841309;01.09.2021;09:59:32;LSRG;TQBR;784.8;1;784.8;;B;1
4332841310;01.09.2021;09:59:32;LSRG;TQBR;784.8;3;2354.4;;B;1
4332841311;01.09.2021;09:59:32;LSRG;TQBR;784.8;38;29822.4;;B;1
4332841312;01.09.2021;09:59:32;LSRG;TQBR;784.8;14;10987.2;;B;1
4332841313;01.09.2021;09:59:32;LSRG;TQBR;784.8;5;3924;;B;1
4332841314;01.09.2021;09:59:32;LSRG;TQBR;784.8;5;3924;;B;1
4332841315;01.09.2021;09:59:32;LSRG;TQBR;784.8;1;784.8;;B;1
4332841316;01.09.2021;09:59:32;LSRG;TQBR;784.8;3;2354.4;;B;1
4332841317;01.09.2021;09:59:32;LSRG;TQBR;784.8;1;784.8;;S;1
4332841318;01.09.2021;09:59:32;LSRG;TQBR;784.8;28;21974.4;;B;1
4332841319;01.09.2021;09:59:32;LSRG;TQBR;784.8;1;784.8;;B;1
4332841320;01.09.2021;09:59:32;LSRG;TQBR;784.8;5;3924;;B;1
4332841321;01.09.2021;09:59:32;LSRG;TQBR;784.8;1;784.8;;B;1
4332841322;01.09.2021;09:59:32;LSRG;TQBR;784.8;5;3924;;B;1
4332841323;01.09.2021;09:59:32;LSRG;TQBR;784.8;5;3924;;B;1
4332841324;01.09.2021;09:59:32;LSRG;TQBR;784.8;10;7848;;B;1
4332841325;01.09.2021;09:59:32;LSRG;TQBR;784.8;1;784.8;;B;1
4332841326;01.09.2021;09:59:32;MTLR;TQBR;115;1;115;;S;1
4332841327;01.09.2021;09:59:32;MTLR;TQBR;115;13;1495;;S;1
4332841328;01.09.2021;09:59:32;MTLR;TQBR;115;49;5635;;S;1
4332841329;01.09.2021;09:59:32;MTLR;TQBR;115;80;9200;;S;1
4332841330;01.09.2021;09:59:32;MTLR;TQBR;115;1;115;;S;1
4332841331;01.09.2021;09:59:32;MTLR;TQBR;115;100;11500;;S;1
4332841332;01.09.2021;09:59:32;MTLR;TQBR;115;10;1150;;S;1
4332841333;01.09.2021;09:59:32;MTLR;TQBR;115;100;11500;;S;1
4332841334;01.09.2021;09:59:32;MTLR;TQBR;115;1;115;;S;1
4332841335;01.09.2021;09:59:32;MTLR;TQBR;115;1;115;;S;1
4332841336;01.09.2021;09:59:32;MTLR;TQBR;115;1;115;;S;1
4332841337;01.09.2021;09:59:32;MTLR;TQBR;115;20;2300;;S;1
4332841338;01.09.2021;09:59:32;MTLR;TQBR;115;2;230;;S;1
4332841339;01.09.2021;09:59:32;MTLR;TQBR;115;5;575;;S;1
4332841340;01.09.2021;09:59:32;MTLR;TQBR;115;2;230;;S;1
4332841341;01.09.2021;09:59:32;MTLR;TQBR;115;614;70610;;S;1
4332841342;01.09.2021;09:59:32;MTLR;TQBR;115;31;3565;;S;1
4332841343;01.09.2021;09:59:32;MTLR;TQBR;115;80;9200;;S;1
4332841344;01.09.2021;09:59:32;MTLR;TQBR;115;13;1495;;S;1
4332841345;01.09.2021;09:59:32;MTLR;TQBR;115;50;5750;;S;1
4332841346;01.09.2021;09:59:32;MTLR;TQBR;115;50;5750;;S;1
4332841347;01.09.2021;09:59:32;MTLR;TQBR;115;162;18630;;S;1
4332841348;01.09.2021;09:59:32;MTLR;TQBR;115;1;115;;B;1
4332841349;01.09.2021;09:59:32;MTLR;TQBR;115;1;115;;B;1
4332841350;01.09.2021;09:59:32;MTLR;TQBR;115;100;11500;;S;1
4332841351;01.09.2021;09:59:32;MTLR;TQBR;115;1;115;;S;1
4332841352;01.09.2021;09:59:32;MTLR;TQBR;115;5;575;;S;1
4332841353;01.09.2021;09:59:32;PMSB;TQBR;161.8;10;1618;;B;1
4332841354;01.09.2021;09:59:32;PMSB;TQBR;161.8;10;1618;;B;1
4332841355;01.09.2021;09:59:32;PMSB;TQBR;161.8;10;1618;;B;1
4332841356;01.09.2021;09:59:32;YNDX;TQBR;5621.2;1;5621.2;;S;1
4332841357;01.09.2021;09:59:32;YNDX;TQBR;5621.2;1;5621.2;;B;1
4332841358;01.09.2021;09:59:32;YNDX;TQBR;5621.2;11;61833.2;;S;1
4332841359;01.09.2021;09:59:32;YNDX;TQBR;5621.2;7;39348.4;;S;1
4332841360;01.09.2021;09:59:32;YNDX;TQBR;5621.2;1;5621.2;;B;1
4332841361;01.09.2021;09:59:32;YNDX;TQBR;5621.2;3;16863.6;;B;1
4332841362;01.09.2021;09:59:32;YNDX;TQBR;5621.2;8;44969.6;;B;1
4332841363;01.09.2021;09:59:32;YNDX;TQBR;5621.2;96;539635.2;;S;1
4332841364;01.09.2021;09:59:32;YNDX;TQBR;5621.2;35;196742;;B;1
4332841365;01.09.2021;09:59:32;YNDX;TQBR;5621.2;18;101181.6;;S;1
4332841366;01.09.2021;09:59:32;YNDX;TQBR;5621.2;1;5621.2;;B;1
4332841367;01.09.2021;09:59:32;YNDX;TQBR;5621.2;101;567741.2;;B;1
4332841368;01.09.2021;09:59:32;YNDX;TQBR;5621.2;18;101181.6;;B;1
4332841369;01.09.2021;09:59:32;YNDX;TQBR;5621.2;528;2967993.6;;B;1
4332841370;01.09.2021;09:59:32;YNDX;TQBR;5621.2;6;33727.2;;B;1
4332841371;01.09.2021;09:59:32;YNDX;TQBR;5621.2;48;269817.6;;B;1
4332841372;01.09.2021;09:59:32;YNDX;TQBR;5621.2;50;281060;;B;1
4332841373;01.09.2021;09:59:32;YNDX;TQBR;5621.2;2;11242.4;;S;1
4332841374;01.09.2021;09:59:32;YNDX;TQBR;5621.2;193;1084891.6;;B;1
4332841375;01.09.2021;09:59:32;YNDX;TQBR;5621.2;2;11242.4;;S;1
4332841376;01.09.2021;09:59:32;YNDX;TQBR;5621.2;5;28106;;S;1
4332841377;01.09.2021;09:59:32;YNDX;TQBR;5621.2;7;39348.4;;B;1
4332841378;01.09.2021;09:59:32;YNDX;TQBR;5621.2;2;11242.4;;B;1
4332841379;01.09.2021;09:59:32;YNDX;TQBR;5621.2;12;67454.4;;B;1
4332841380;01.09.2021;09:59:32;YNDX;TQBR;5621.2;1;5621.2;;B;1
4332841381;01.09.2021;09:59:32;YNDX;TQBR;5621.2;2;11242.4;;B;1
4332841382;01.09.2021;09:59:32;YNDX;TQBR;5621.2;4;22484.8;;B;1
4332841383;01.09.2021;09:59:32;YNDX;TQBR;5621.2;1;5621.2;;B;1
4332841384;01.09.2021;09:59:32;YNDX;TQBR;5621.2;1;5621.2;;B;1
4332841385;01.09.2021;09:59:32;YNDX;TQBR;5621.2;1;5621.2;;B;1
4332841386;01.09.2021;09:59:32;YNDX;TQBR;5621.2;2;11242.4;;B;1
4332841387;01.09.2021;09:59:32;YNDX;TQBR;5621.2;4;22484.8;;B;1
4332841388;01.09.2021;09:59:32;YNDX;TQBR;5621.2;9;50590.8;;B;1
4332841389;01.09.2021;09:59:32;YNDX;TQBR;5621.2;20;112424;;B;1
4332841390;01.09.2021;09:59:32;YNDX;TQBR;5621.2;12;67454.4;;B;1
4332841391;01.09.2021;09:59:32;YNDX;TQBR;5621.2;1;5621.2;;B;1
4332841392;01.09.2021;09:59:32;YNDX;TQBR;5621.2;12;67454.4;;B;1
4332841393;01.09.2021;09:59:33;TUSD;TQTD;0.1116;1;0.11;;S;1
4332841394;01.09.2021;09:59:33;TUSD;TQTD;0.1116;1;0.11;;S;1
4332841395;01.09.2021;09:59:33;TUSD;TQTD;0.1116;1;0.11;;S;1
4332841396;01.09.2021;09:59:33;TUSD;TQTD;0.1116;1;0.11;;S;1
4332841397;01.09.2021;09:59:33;TUSD;TQTD;0.1116;1;0.11;;S;1
4332841398;01.09.2021;09:59:33;TUSD;TQTD;0.1116;1;0.11;;S;1
4332841399;01.09.2021;09:59:33;TUSD;TQTD;0.1116;1;0.11;;S;1
4332841400;01.09.2021;09:59:33;TUSD;TQTD;0.1116;1;0.11;;S;1
4332841401;01.09.2021;09:59:33;TUSD;TQTD;0.1116;1;0.11;;S;1
4332841402;01.09.2021;09:59:33;TUSD;TQTD;0.1116;1;0.11;;S;1
4332841403;01.09.2021;09:59:33;TUSD;TQTD;0.1116;1;0.11;;S;1
4332841404;01.09.2021;09:59:33;TUSD;TQTD;0.1116;1;0.11;;S;1
4332841405;01.09.2021;09:59:33;TUSD;TQTD;0.1116;1;0.11;;S;1
4332841406;01.09.2021;09:59:33;TUSD;TQTD;0.1116;1;0.11;;S;1
4332841407;01.09.2021;09:59:33;TUSD;TQTD;0.1116;1;0.11;;S;1
4332841408;01.09.2021;09:59:33;TUSD;TQTD;0.1116;1;0.11;;S;1
4332841409;01.09.2021;09:59:33;TUSD;TQTD;0.1116;1;0.11;;S;1
4332841410;01.09.2021;09:59:33;TUSD;TQTD;0.1116;1;0.11;;S;1
4332841411;01.09.2021;09:59:33;TUSD;TQTD;0.1116;1;0.11;;S;1
4332841412;01.09.2021;09:59:33;TUSD;TQTD;0.1116;1;0.11;;S;1
4332841413;01.09.2021;09:59:33;TUSD;TQTD;0.1116;1;0.11;;S;1
4332841414;01.09.2021;09:59:33;TUSD;TQTD;0.1116;1;0.11;;S;1
4332841415;01.09.2021;09:59:33;TUSD;TQTD;0.1116;1;0.11;;S;1
4332841416;01.09.2021;09:59:33;TUSD;TQTD;0.1116;1;0.11;;S;1
4332841417;01.09.2021;09:59:33;TUSD;TQTD;0.1116;1;0.11;;S;1
4332841418;01.09.2021;09:59:33;TUSD;TQTD;0.1116;1;0.11;;S;1
4332841419;01.09.2021;09:59:33;TUSD;TQTD;0.1116;1;0.11;;S;1
4332841420;01.09.2021;09:59:33;TUSD;TQTD;0.1116;1;0.11;;S;1
4332841421;01.09.2021;09:59:33;TUSD;TQTD;0.1116;1;0.11;;S;1
4332841422;01.09.2021;09:59:33;TUSD;TQTD;0.1116;1;0.11;;S;1
4332841423;01.09.2021;09:59:33;TUSD;TQTD;0.1116;1;0.11;;S;1
4332841424;01.09.2021;09:59:33;TUSD;TQTD;0.1116;1;0.11;;S;1
4332841425;01.09.2021;09:59:33;TUSD;TQTD;0.1116;1;0.11;;S;1
4332841426;01.09.2021;09:59:33;TUSD;TQTD;0.1116;1;0.11;;S;1
4332841427;01.09.2021;09:59:33;TUSD;TQTD;0.1116;1;0.11;;S;1
4332841428;01.09.2021;09:59:33;TUSD;TQTD;0.1116;1;0.11;;S;1
4332841429;01.09.2021;09:59:33;TUSD;TQTD;0.1116;1;0.11;;S;1
4332841430;01.09.2021;09:59:33;TUSD;TQTD;0.1116;1;0.11;;S;1
4332841431;01.09.2021;09:59:33;TUSD;TQTD;0.1116;1;0.11;;S;1
4332841432;01.09.2021;09:59:33;TUSD;TQTD;0.1116;1;0.11;;S;1
4332841433;01.09.2021;09:59:33;TUSD;TQTD;0.1116;1;0.11;;S;1
4332841434;01.09.2021;09:59:33;TUSD;TQTD;0.1116;1;0.11;;S;1
4332841435;01.09.2021;09:59:33;TUSD;TQTD;0.1116;1;0.11;;S;1
4332841436;01.09.2021;09:59:33;TUSD;TQTD;0.1116;1;0.11;;S;1
4332841437;01.09.2021;09:59:33;TUSD;TQTD;0.1116;1;0.11;;S;1
4332841438;01.09.2021;09:59:33;TUSD;TQTD;0.1116;1;0.11;;S;1
4332841439;01.09.2021;09:59:33;TUSD;TQTD;0.1116;1;0.11;;S;1
4332841440;01.09.2021;09:59:33;TUSD;TQTD;0.1116;1;0.11;;S;1
4332841441;01.09.2021;09:59:33;TUSD;TQTD;0.1116;1;0.11;;S;1
4332841442;01.09.2021;09:59:33;TUSD;TQTD;0.1116;1;0.11;;S;1
4332841443;01.09.2021;09:59:33;AKME;TQTF;130.3;1;130.3;;B;1
4332841444;01.09.2021;09:59:33;RUSB;TQTF;2159;1;2159;;B;1
4332841446;01.09.2021;09:59:33;BSPBP;TQBR;22.6;100;2260;;B;1
4332841447;01.09.2021;09:59:33;CHMF;TQBR;1647.6;5;8238;;B;1
4332841448;01.09.2021;09:59:33;CHMF;TQBR;1647.6;31;51075.6;;B;1
4332841449;01.09.2021;09:59:33;CHMF;TQBR;1647.6;2;3295.2;;B;1
4332841450;01.09.2021;09:59:33;CHMF;TQBR;1647.6;125;205950;;B;1
4332841451;01.09.2021;09:59:33;CHMF;TQBR;1647.6;27;44485.2;;B;1
4332841452;01.09.2021;09:59:33;CHMF;TQBR;1647.6;1;1647.6;;B;1
4332841453;01.09.2021;09:59:33;CHMF;TQBR;1647.6;1;1647.6;;B;1
4332841454;01.09.2021;09:59:33;CHMF;TQBR;1647.6;1;1647.6;;B;1
4332841455;01.09.2021;09:59:33;CHMF;TQBR;1647.6;1;1647.6;;B;1
4332841456;01.09.2021;09:59:33;CHMF;TQBR;1647.6;50;82380;;B;1
4332841457;01.09.2021;09:59:33;CHMF;TQBR;1647.6;29;47780.4;;B;1
4332841458;01.09.2021;09:59:33;CHMF;TQBR;1647.6;10;16476;;S;1
4332841459;01.09.2021;09:59:33;CHMF;TQBR;1647.6;1;1647.6;;B;1
4332841460;01.09.2021;09:59:33;CHMF;TQBR;1647.6;2;3295.2;;B;1
4332841461;01.09.2021;09:59:33;CHMF;TQBR;1647.6;217;357529.2;;S;1
4332841462;01.09.2021;09:59:33;CHMF;TQBR;1647.6;5;8238;;S;1
4332841463;01.09.2021;09:59:33;CHMF;TQBR;1647.6;1;1647.6;;S;1
4332841464;01.09.2021;09:59:33;CHMF;TQBR;1647.6;115;189474;;S;1
4332841465;01.09.2021;09:59:33;CHMF;TQBR;1647.6;1;1647.6;;S;1
4332841466;01.09.2021;09:59:33;CHMF;TQBR;1647.6;100;164760;;S;1
4332841467;01.09.2021;09:59:33;CHMF;TQBR;1647.6;5;8238;;S;1
4332841468;01.09.2021;09:59:33;CHMF;TQBR;1647.6;2;3295.2;;S;1
4332841469;01.09.2021;09:59:33;CHMF;TQBR;1647.6;5;8238;;S;1
4332841470;01.09.2021;09:59:33;CHMF;TQBR;1647.6;25;41190;;S;1
4332841471;01.09.2021;09:59:33;CHMF;TQBR;1647.6;6;9885.6;;S;1
4332841472;01.09.2021;09:59:33;CHMF;TQBR;1647.6;18;29656.8;;S;1
4332841473;01.09.2021;09:59:33;CHMF;TQBR;1647.6;7;11533.2;;S;1
4332841474;01.09.2021;09:59:33;CHMF;TQBR;1647.6;2;3295.2;;S;1
4332841475;01.09.2021;09:59:33;CHMF;TQBR;1647.6;3;4942.8;;S;1
4332841476;01.09.2021;09:59:33;CHMF;TQBR;1647.6;6;9885.6;;S;1
4332841477;01.09.2021;09:59:33;CHMF;TQBR;1647.6;1;1647.6;;S;1
4332841478;01.09.2021;09:59:33;CHMF;TQBR;1647.6;1;1647.6;;S;1
4332841479;01.09.2021;09:59:33;CHMF;TQBR;1647.6;2;3295.2;;S;1
4332841480;01.09.2021;09:59:33;CHMF;TQBR;1647.6;1;1647.6;;S;1
4332841481;01.09.2021;09:59:33;CHMF;TQBR;1647.6;1;1647.6;;S;1
4332841482;01.09.2021;09:59:33;CHMF;TQBR;1647.6;5;8238;;S;1
4332841483;01.09.2021;09:59:33;CHMF;TQBR;1647.6;14;23066.4;;S;1
4332841484;01.09.2021;09:59:33;CHMF;TQBR;1647.6;1;1647.6;;S;1
4332841485;01.09.2021;09:59:33;CHMF;TQBR;1647.6;1;1647.6;;S;1
4332841486;01.09.2021;09:59:33;CHMF;TQBR;1647.6;1;1647.6;;S;1
4332841487;01.09.2021;09:59:33;CHMF;TQBR;1647.6;1;1647.6;;S;1
4332841488;01.09.2021;09:59:33;CHMF;TQBR;1647.6;1;1647.6;;S;1
4332841489;01.09.2021;09:59:33;CHMF;TQBR;1647.6;6;9885.6;;S;1
4332841490;01.09.2021;09:59:33;CHMF;TQBR;1647.6;1;1647.6;;S;1
4332841491;01.09.2021;09:59:33;CHMF;TQBR;1647.6;1;1647.6;;S;1
4332841492;01.09.2021;09:59:33;CHMF;TQBR;1647.6;5;8238;;S;1
4332841493;01.09.2021;09:59:33;CHMF;TQBR;1647.6;10;16476;;S;1
4332841494;01.09.2021;09:59:33;CHMF;TQBR;1647.6;8;13180.8;;S;1
4332841495;01.09.2021;09:59:33;CHMF;TQBR;1647.6;79;130160.4;;S;1
4332841496;01.09.2021;09:59:33;CHMF;TQBR;1647.6;1;1647.6;;S;1
4332841497;01.09.2021;09:59:33;CHMF;TQBR;1647.6;20;32952;;S;1
4332841498;01.09.2021;09:59:33;CHMF;TQBR;1647.6;1;1647.6;;S;1
4332841499;01.09.2021;09:59:33;CHMF;TQBR;1647.6;59;97208.4;;S;1
4332841500;01.09.2021;09:59:33;CHMF;TQBR;1647.6;2;3295.2;;S;1
4332841501;01.09.2021;09:59:33;CHMF;TQBR;1647.6;2;3295.2;;S;1
4332841502;01.09.2021;09:59:33;CHMF;TQBR;1647.6;23;37894.8;;S;1
4332841503;01.09.2021;09:59:33;CHMF;TQBR;1647.6;4;6590.4;;S;1
4332841504;01.09.2021;09:59:33;CHMF;TQBR;1647.6;11;18123.6;;S;1
4332841505;01.09.2021;09:59:33;CHMF;TQBR;1647.6;1;1647.6;;S;1
4332841506;01.09.2021;09:59:33;CHMF;TQBR;1647.6;1;1647.6;;S;1
4332841507;01.09.2021;09:59:33;CHMF;TQBR;1647.6;90;148284;;S;1
4332841508;01.09.2021;09:59:33;CHMF;TQBR;1647.6;40;65904;;S;1
4332841509;01.09.2021;09:59:33;CHMF;TQBR;1647.6;26;42837.6;;S;1
4332841510;01.09.2021;09:59:33;CHMF;TQBR;1647.6;150;247140;;S;1
4332841511;01.09.2021;09:59:33;CHMF;TQBR;1647.6;71;116979.6;;S;1
4332841512;01.09.2021;09:59:33;CHMF;TQBR;1647.6;1;1647.6;;S;1
4332841513;01.09.2021;09:59:33;CHMF;TQBR;1647.6;1;1647.6;;S;1
4332841514;01.09.2021;09:59:33;CHMF;TQBR;1647.6;1;1647.6;;B;1
4332841515;01.09.2021;09:59:33;CHMF;TQBR;1647.6;10;16476;;S;1
4332841516;01.09.2021;09:59:33;CHMF;TQBR;1647.6;9;14828.4;;S;1
4332841517;01.09.2021;09:59:33;CHMF;TQBR;1647.6;1;1647.6;;B;1
4332841518;01.09.2021;09:59:33;CHMF;TQBR;1647.6;20;32952;;S;1
4332841519;01.09.2021;09:59:33;CHMF;TQBR;1647.6;2;3295.2;;S;1
4332841520;01.09.2021;09:59:33;CHMF;TQBR;1647.6;50;82380;;S;1
4332841521;01.09.2021;09:59:33;CHMF;TQBR;1647.6;1;1647.6;;B;1
4332841522;01.09.2021;09:59:33;CHMF;TQBR;1647.6;5;8238;;S;1
4332841523;01.09.2021;09:59:33;CHMF;TQBR;1647.6;8;13180.8;;S;1
4332841524;01.09.2021;09:59:33;CHMF;TQBR;1647.6;20;32952;;S;1
4332841525;01.09.2021;09:59:33;CHMF;TQBR;1647.6;5;8238;;S;1
4332841526;01.09.2021;09:59:33;CHMF;TQBR;1647.6;1;1647.6;;S;1
4332841527;01.09.2021;09:59:33;CHMF;TQBR;1647.6;1;1647.6;;S;1
4332841528;01.09.2021;09:59:33;CHMF;TQBR;1647.6;3;4942.8;;S;1
4332841529;01.09.2021;09:59:33;CHMF;TQBR;1647.6;2;3295.2;;S;1
4332841530;01.09.2021;09:59:33;CHMF;TQBR;1647.6;5;8238;;S;1
4332841531;01.09.2021;09:59:33;CHMF;TQBR;1647.6;1;1647.6;;B;1
4332841532;01.09.2021;09:59:33;CHMF;TQBR;1647.6;10;16476;;S;1
4332841533;01.09.2021;09:59:33;CHMF;TQBR;1647.6;1;1647.6;;S;1
4332841534;01.09.2021;09:59:33;CHMF;TQBR;1647.6;100;164760;;S;1
4332841535;01.09.2021;09:59:33;CHMF;TQBR;1647.6;7;11533.2;;S;1
4332841536;01.09.2021;09:59:33;CHMF;TQBR;1647.6;1;1647.6;;S;1
4332841537;01.09.2021;09:59:33;CHMF;TQBR;1647.6;1;1647.6;;S;1
4332841538;01.09.2021;09:59:33;CHMF;TQBR;1647.6;30;49428;;S;1
4332841539;01.09.2021;09:59:33;CHMF;TQBR;1647.6;300;494280;;B;1
4332841540;01.09.2021;09:59:33;CHMF;TQBR;1647.6;200;329520;;B;1
4332841541;01.09.2021;09:59:33;CHMF;TQBR;1647.6;1;1647.6;;S;1
4332841542;01.09.2021;09:59:33;CHMF;TQBR;1647.6;18;29656.8;;S;1
4332841543;01.09.2021;09:59:33;CHMF;TQBR;1647.6;1;1647.6;;B;1
4332841544;01.09.2021;09:59:33;CHMF;TQBR;1647.6;12;19771.2;;S;1
4332841545;01.09.2021;09:59:33;CHMF;TQBR;1647.6;1;1647.6;;S;1
4332841546;01.09.2021;09:59:33;CHMF;TQBR;1647.6;14;23066.4;;S;1
4332841547;01.09.2021;09:59:33;CHMF;TQBR;1647.6;1;1647.6;;B;1
4332841548;01.09.2021;09:59:33;CHMF;TQBR;1647.6;1;1647.6;;S;1
4332841549;01.09.2021;09:59:33;CHMF;TQBR;1647.6;6;9885.6;;S;1
4332841550;01.09.2021;09:59:33;CHMF;TQBR;1647.6;1;1647.6;;S;1
4332841551;01.09.2021;09:59:33;CHMF;TQBR;1647.6;4;6590.4;;B;1
4332841552;01.09.2021;09:59:33;CHMF;TQBR;1647.6;40;65904;;B;1
4332841553;01.09.2021;09:59:33;CHMF;TQBR;1647.6;1;1647.6;;S;1
4332841554;01.09.2021;09:59:33;CHMF;TQBR;1647.6;1;1647.6;;S;1
4332841555;01.09.2021;09:59:33;CHMF;TQBR;1647.6;1;1647.6;;S;1
4332841556;01.09.2021;09:59:33;CHMF;TQBR;1647.6;1;1647.6;;S;1
4332841557;01.09.2021;09:59:33;CHMF;TQBR;1647.6;1;1647.6;;S;1
4332841558;01.09.2021;09:59:33;CHMF;TQBR;1647.6;1;1647.6;;S;1
4332841559;01.09.2021;09:59:33;CHMF;TQBR;1647.6;1;1647.6;;S;1
4332841560;01.09.2021;09:59:33;CHMF;TQBR;1647.6;1;1647.6;;S;1
4332841561;01.09.2021;09:59:33;CHMF;TQBR;1647.6;1;1647.6;;S;1
4332841562;01.09.2021;09:59:33;CHMF;TQBR;1647.6;1;1647.6;;S;1
4332841563;01.09.2021;09:59:33;CHMF;TQBR;1647.6;1;1647.6;;B;1
4332841564;01.09.2021;09:59:33;CHMF;TQBR;1647.6;1;1647.6;;S;1
4332841565;01.09.2021;09:59:33;CHMF;TQBR;1647.6;1;1647.6;;S;1
4332841566;01.09.2021;09:59:33;CHMF;TQBR;1647.6;1;1647.6;;S;1
4332841567;01.09.2021;09:59:33;CHMF;TQBR;1647.6;1;1647.6;;S;1
4332841568;01.09.2021;09:59:33;CHMF;TQBR;1647.6;4;6590.4;;S;1
4332841569;01.09.2021;09:59:33;CHMF;TQBR;1647.6;3;4942.8;;S;1
4332841570;01.09.2021;09:59:33;CHMF;TQBR;1647.6;10;16476;;S;1
4332841571;01.09.2021;09:59:33;CHMF;TQBR;1647.6;5;8238;;S;1
4332841572;01.09.2021;09:59:33;CHMF;TQBR;1647.6;1;1647.6;;S;1
4332841573;01.09.2021;09:59:33;CHMF;TQBR;1647.6;1;1647.6;;S;1
4332841574;01.09.2021;09:59:33;CHMF;TQBR;1647.6;2;3295.2;;S;1
4332841575;01.09.2021;09:59:33;CHMF;TQBR;1647.6;10;16476;;S;1
4332841576;01.09.2021;09:59:33;CHMF;TQBR;1647.6;1;1647.6;;S;1
4332841577;01.09.2021;09:59:33;CHMF;TQBR;1647.6;1;1647.6;;S;1
4332841578;01.09.2021;09:59:33;CHMF;TQBR;1647.6;5;8238;;S;1
4332841579;01.09.2021;09:59:33;CHMF;TQBR;1647.6;15;24714;;S;1
4332841580;01.09.2021;09:59:33;CHMF;TQBR;1647.6;1;1647.6;;S;1
4332841581;01.09.2021;09:59:33;CHMF;TQBR;1647.6;30;49428;;S;1
4332841582;01.09.2021;09:59:33;CHMF;TQBR;1647.6;1;1647.6;;S;1
4332841583;01.09.2021;09:59:33;CHMF;TQBR;1647.6;10;16476;;S;1
4332841584;01.09.2021;09:59:33;CHMF;TQBR;1647.6;20;32952;;S;1
4332841585;01.09.2021;09:59:33;CHMF;TQBR;1647.6;4;6590.4;;B;1
4332841586;01.09.2021;09:59:33;CHMF;TQBR;1647.6;1;1647.6;;B;1
4332841587;01.09.2021;09:59:33;CHMF;TQBR;1647.6;1;1647.6;;S;1
4332841588;01.09.2021;09:59:33;CHMF;TQBR;1647.6;2;3295.2;;S;1
4332841589;01.09.2021;09:59:33;CHMF;TQBR;1647.6;2;3295.2;;S;1
4332841590;01.09.2021;09:59:33;CHMF;TQBR;1647.6;1;1647.6;;B;1
4332841591;01.09.2021;09:59:33;CHMF;TQBR;1647.6;23;37894.8;;S;1
4332841592;01.09.2021;09:59:33;CHMF;TQBR;1647.6;1;1647.6;;S;1
4332841593;01.09.2021;09:59:33;CHMF;TQBR;1647.6;5;8238;;S;1
4332841594;01.09.2021;09:59:33;CHMF;TQBR;1647.6;1;1647.6;;S;1
4332841595;01.09.2021;09:59:33;CHMF;TQBR;1647.6;6;9885.6;;S;1
4332841596;01.09.2021;09:59:33;CHMF;TQBR;1647.6;30;49428;;S;1
4332841597;01.09.2021;09:59:33;CHMF;TQBR;1647.6;2;3295.2;;S;1
4332841598;01.09.2021;09:59:33;CHMF;TQBR;1647.6;1;1647.6;;S;1
4332841599;01.09.2021;09:59:33;CHMF;TQBR;1647.6;2;3295.2;;B;1
4332841600;01.09.2021;09:59:33;CHMF;TQBR;1647.6;10;16476;;S;1
4332841601;01.09.2021;09:59:33;CHMF;TQBR;1647.6;5;8238;;S;1
4332841602;01.09.2021;09:59:33;CHMF;TQBR;1647.6;1;1647.6;;S;1
4332841603;01.09.2021;09:59:33;CHMF;TQBR;1647.6;5;8238;;S;1
4332841604;01.09.2021;09:59:33;CHMF;TQBR;1647.6;1;1647.6;;B;1
4332841605;01.09.2021;09:59:33;CHMF;TQBR;1647.6;117;192769.2;;S;1
4332841606;01.09.2021;09:59:33;CHMF;TQBR;1647.6;164;270206.4;;S;1
4332841607;01.09.2021;09:59:33;CHMF;TQBR;1647.6;232;382243.2;;S;1
4332841608;01.09.2021;09:59:33;CHMF;TQBR;1647.6;407;670573.2;;S;1
4332841609;01.09.2021;09:59:33;CHMF;TQBR;1647.6;80;131808;;S;1
4332841610;01.09.2021;09:59:33;CHMF;TQBR;1647.6;5;8238;;S;1
4332841611;01.09.2021;09:59:33;CHMF;TQBR;1647.6;1;1647.6;;S;1
4332841612;01.09.2021;09:59:33;CHMF;TQBR;1647.6;10;16476;;S;1
4332841613;01.09.2021;09:59:33;CHMF;TQBR;1647.6;12;19771.2;;S;1
4332841614;01.09.2021;09:59:33;CHMF;TQBR;1647.6;8;13180.8;;S;1
4332841615;01.09.2021;09:59:33;CHMF;TQBR;1647.6;5;8238;;S;1
4332841616;01.09.2021;09:59:33;CHMF;TQBR;1647.6;1;1647.6;;S;1
4332841617;01.09.2021;09:59:33;CHMF;TQBR;1647.6;1;1647.6;;S;1
4332841618;01.09.2021;09:59:33;CHMF;TQBR;1647.6;1;1647.6;;S;1
4332841619;01.09.2021;09:59:33;CHMF;TQBR;1647.6;1;1647.6;;S;1
4332841620;01.09.2021;09:59:33;CHMF;TQBR;1647.6;6;9885.6;;S;1
4332841621;01.09.2021;09:59:33;CHMF;TQBR;1647.6;10;16476;;S;1
4332841622;01.09.2021;09:59:33;CHMF;TQBR;1647.6;1;1647.6;;S;1
4332841623;01.09.2021;09:59:33;CHMF;TQBR;1647.6;4;6590.4;;S;1
4332841624;01.09.2021;09:59:33;CHMF;TQBR;1647.6;1;1647.6;;S;1
4332841625;01.09.2021;09:59:33;CHMF;TQBR;1647.6;1;1647.6;;S;1
4332841626;01.09.2021;09:59:33;CHMF;TQBR;1647.6;1;1647.6;;S;1
4332841627;01.09.2021;09:59:33;CHMF;TQBR;1647.6;5;8238;;S;1
4332841628;01.09.2021;09:59:33;CHMF;TQBR;1647.6;1;1647.6;;S;1
4332841629;01.09.2021;09:59:33;CHMF;TQBR;1647.6;5;8238;;S;1
4332841630;01.09.2021;09:59:33;CHMF;TQBR;1647.6;30;49428;;S;1
4332841631;01.09.2021;09:59:33;CHMF;TQBR;1647.6;4;6590.4;;S;1
4332841632;01.09.2021;09:59:33;CHMF;TQBR;1647.6;6;9885.6;;S;1
4332841633;01.09.2021;09:59:33;CHMF;TQBR;1647.6;1;1647.6;;S;1
4332841634;01.09.2021;09:59:33;CHMF;TQBR;1647.6;2;3295.2;;S;1
4332841635;01.09.2021;09:59:33;CHMF;TQBR;1647.6;68;112036.8;;S;1
4332841636;01.09.2021;09:59:33;CHMF;TQBR;1647.6;71;116979.6;;S;1
4332841637;01.09.2021;09:59:33;CHMF;TQBR;1647.6;11;18123.6;;S;1
4332841638;01.09.2021;09:59:33;CHMF;TQBR;1647.6;106;174645.6;;S;1
4332841639;01.09.2021;09:59:33;CHMF;TQBR;1647.6;26;42837.6;;B;1
4332841640;01.09.2021;09:59:33;CHMF;TQBR;1647.6;139;229016.4;;S;1
4332841641;01.09.2021;09:59:33;CHMF;TQBR;1647.6;109;179588.4;;S;1
4332841642;01.09.2021;09:59:33;CHMF;TQBR;1647.6;7;11533.2;;S;1
4332841643;01.09.2021;09:59:33;CHMF;TQBR;1647.6;1;1647.6;;S;1
4332841644;01.09.2021;09:59:33;CHMF;TQBR;1647.6;10;16476;;S;1
4332841645;01.09.2021;09:59:33;CHMF;TQBR;1647.6;2;3295.2;;S;1
4332841646;01.09.2021;09:59:33;CHMF;TQBR;1647.6;171;281739.6;;S;1
4332841647;01.09.2021;09:59:33;CHMF;TQBR;1647.6;10;16476;;S;1
4332841648;01.09.2021;09:59:33;CHMF;TQBR;1647.6;19;31304.4;;S;1
4332841649;01.09.2021;09:59:33;CHMF;TQBR;1647.6;41;67551.6;;S;1
4332841650;01.09.2021;09:59:33;CHMF;TQBR;1647.6;259;426728.4;;S;1
4332841651;01.09.2021;09:59:33;CHMF;TQBR;1647.6;15;24714;;S;1
4332841652;01.09.2021;09:59:33;CHMF;TQBR;1647.6;5;8238;;B;1
4332841653;01.09.2021;09:59:33;CHMF;TQBR;1647.6;1;1647.6;;S;1
4332841654;01.09.2021;09:59:33;CHMF;TQBR;1647.6;10;16476;;S;1
4332841655;01.09.2021;09:59:33;CHMF;TQBR;1647.6;1;1647.6;;S;1
4332841656;01.09.2021;09:59:33;CHMF;TQBR;1647.6;2;3295.2;;S;1
4332841657;01.09.2021;09:59:33;CHMF;TQBR;1647.6;5;8238;;S;1
4332841658;01.09.2021;09:59:33;CHMF;TQBR;1647.6;1;1647.6;;S;1
4332841659;01.09.2021;09:59:33;CHMF;TQBR;1647.6;1;1647.6;;S;1
4332841660;01.09.2021;09:59:33;CHMF;TQBR;1647.6;1;1647.6;;B;1
4332841661;01.09.2021;09:59:33;CHMF;TQBR;1647.6;1;1647.6;;S;1
4332841662;01.09.2021;09:59:33;CHMF;TQBR;1647.6;13;21418.8;;S;1
4332841663;01.09.2021;09:59:33;CHMF;TQBR;1647.6;10;16476;;S;1
4332841664;01.09.2021;09:59:33;CHMF;TQBR;1647.6;1;1647.6;;S;1
4332841665;01.09.2021;09:59:33;CHMF;TQBR;1647.6;1;1647.6;;S;1
4332841666;01.09.2021;09:59:33;CHMF;TQBR;1647.6;1;1647.6;;S;1
4332841667;01.09.2021;09:59:33;CHMF;TQBR;1647.6;20;32952;;S;1
4332841668;01.09.2021;09:59:33;CHMF;TQBR;1647.6;1;1647.6;;S;1
4332841669;01.09.2021;09:59:33;CHMF;TQBR;1647.6;23;37894.8;;S;1
4332841670;01.09.2021;09:59:33;CHMF;TQBR;1647.6;30;49428;;S;1
4332841671;01.09.2021;09:59:33;CHMF;TQBR;1647.6;20;32952;;S;1
4332841672;01.09.2021;09:59:33;CHMF;TQBR;1647.6;4;6590.4;;S;1
4332841673;01.09.2021;09:59:33;CHMF;TQBR;1647.6;1;1647.6;;S;1
4332841674;01.09.2021;09:59:33;CHMF;TQBR;1647.6;10;16476;;S;1
4332841675;01.09.2021;09:59:33;CHMF;TQBR;1647.6;5;8238;;S;1
4332841676;01.09.2021;09:59:33;CHMF;TQBR;1647.6;5;8238;;S;1
4332841677;01.09.2021;09:59:33;CHMF;TQBR;1647.6;5;8238;;S;1
4332841678;01.09.2021;09:59:33;CHMF;TQBR;1647.6;48;79084.8;;S;1
4332841679;01.09.2021;09:59:33;CHMF;TQBR;1647.6;50;82380;;S;1
4332841680;01.09.2021;09:59:33;CHMF;TQBR;1647.6;5;8238;;S;1
4332841681;01.09.2021;09:59:33;CHMF;TQBR;1647.6;47;77437.2;;S;1
4332841682;01.09.2021;09:59:33;CHMF;TQBR;1647.6;300;494280;;S;1
4332841683;01.09.2021;09:59:33;CHMF;TQBR;1647.6;5;8238;;S;1
4332841684;01.09.2021;09:59:33;CHMF;TQBR;1647.6;1;1647.6;;S;1
4332841685;01.09.2021;09:59:33;CHMF;TQBR;1647.6;5;8238;;S;1
4332841686;01.09.2021;09:59:33;CHMF;TQBR;1647.6;1;1647.6;;S;1
4332841687;01.09.2021;09:59:33;CHMF;TQBR;1647.6;1;1647.6;;S;1
4332841688;01.09.2021;09:59:33;CHMF;TQBR;1647.6;5;8238;;B;1
4332841689;01.09.2021;09:59:33;CHMF;TQBR;1647.6;1;1647.6;;S;1
4332841690;01.09.2021;09:59:33;CHMF;TQBR;1647.6;4;6590.4;;S;1
4332841691;01.09.2021;09:59:33;CHMF;TQBR;1647.6;10;16476;;S;1
4332841692;01.09.2021;09:59:33;CHMF;TQBR;1647.6;3;4942.8;;S;1
4332841693;01.09.2021;09:59:33;CHMF;TQBR;1647.6;12;19771.2;;S;1
4332841694;01.09.2021;09:59:33;CHMF;TQBR;1647.6;200;329520;;S;1
4332841695;01.09.2021;09:59:33;CHMF;TQBR;1647.6;5;8238;;B;1
4332841696;01.09.2021;09:59:33;CHMF;TQBR;1647.6;20;32952;;S;1
4332841697;01.09.2021;09:59:33;CHMF;TQBR;1647.6;3;4942.8;;S;1
4332841698;01.09.2021;09:59:33;CHMF;TQBR;1647.6;5;8238;;S;1
4332841699;01.09.2021;09:59:33;CHMF;TQBR;1647.6;5;8238;;B;1
4332841700;01.09.2021;09:59:33;CHMF;TQBR;1647.6;4;6590.4;;S;1
4332841701;01.09.2021;09:59:33;CHMF;TQBR;1647.6;20;32952;;S;1
4332841702;01.09.2021;09:59:33;CHMF;TQBR;1647.6;1;1647.6;;S;1
4332841703;01.09.2021;09:59:33;CHMF;TQBR;1647.6;4;6590.4;;S;1
4332841704;01.09.2021;09:59:33;CHMF;TQBR;1647.6;3;4942.8;;S;1
4332841705;01.09.2021;09:59:33;CHMF;TQBR;1647.6;1;1647.6;;S;1
4332841706;01.09.2021;09:59:33;CHMF;TQBR;1647.6;1;1647.6;;S;1
4332841707;01.09.2021;09:59:33;CHMF;TQBR;1647.6;33;54370.8;;S;1
4332841708;01.09.2021;09:59:33;CHMF;TQBR;1647.6;17;28009.2;;B;1
4332841709;01.09.2021;09:59:33;CHMF;TQBR;1647.6;162;266911.2;;B;1
4332841710;01.09.2021;09:59:33;CHMF;TQBR;1647.6;1;1647.6;;B;1
4332841711;01.09.2021;09:59:33;CHMF;TQBR;1647.6;68;112036.8;;B;1
4332841712;01.09.2021;09:59:33;CHMF;TQBR;1647.6;10;16476;;B;1
4332841713;01.09.2021;09:59:33;CHMF;TQBR;1647.6;5;8238;;B;1
4332841714;01.09.2021;09:59:33;CHMF;TQBR;1647.6;100;164760;;B;1
4332841715;01.09.2021;09:59:33;CHMF;TQBR;1647.6;1;1647.6;;S;1
4332841716;01.09.2021;09:59:33;CHMF;TQBR;1647.6;2;3295.2;;S;1
4332841717;01.09.2021;09:59:33;CHMF;TQBR;1647.6;4;6590.4;;B;1
4332841718;01.09.2021;09:59:33;CHMF;TQBR;1647.6;5;8238;;B;1
4332841719;01.09.2021;09:59:33;CHMF;TQBR;1647.6;1;1647.6;;S;1
4332841720;01.09.2021;09:59:33;CHMF;TQBR;1647.6;5;8238;;S;1
4332841721;01.09.2021;09:59:33;CHMF;TQBR;1647.6;25;41190;;B;1
4332841722;01.09.2021;09:59:33;CHMF;TQBR;1647.6;12;19771.2;;B;1
4332841723;01.09.2021;09:59:33;CHMF;TQBR;1647.6;6;9885.6;;B;1
4332841724;01.09.2021;09:59:33;CHMF;TQBR;1647.6;1;1647.6;;B;1
4332841725;01.09.2021;09:59:33;CHMF;TQBR;1647.6;65;107094;;B;1
4332841726;01.09.2021;09:59:33;CHMF;TQBR;1647.6;50;82380;;B;1
4332841727;01.09.2021;09:59:33;CHMF;TQBR;1647.6;5;8238;;B;1
4332841728;01.09.2021;09:59:33;CHMF;TQBR;1647.6;5;8238;;B;1
4332841729;01.09.2021;09:59:33;CHMF;TQBR;1647.6;1;1647.6;;B;1
4332841730;01.09.2021;09:59:33;CHMF;TQBR;1647.6;4;6590.4;;S;1
4332841731;01.09.2021;09:59:33;CHMF;TQBR;1647.6;69;113684.4;;B;1
4332841732;01.09.2021;09:59:33;CHMF;TQBR;1647.6;1;1647.6;;B;1
4332841733;01.09.2021;09:59:33;CHMF;TQBR;1647.6;127;209245.2;;B;1
4332841734;01.09.2021;09:59:33;CHMF;TQBR;1647.6;90;148284;;S;1
4332841735;01.09.2021;09:59:33;CHMF;TQBR;1647.6;100;164760;;B;1
4332841736;01.09.2021;09:59:33;CHMF;TQBR;1647.6;5;8238;;B;1
4332841737;01.09.2021;09:59:33;CHMF;TQBR;1647.6;4;6590.4;;B;1
4332841738;01.09.2021;09:59:33;CHMF;TQBR;1647.6;200;329520;;B;1
4332841739;01.09.2021;09:59:33;CHMF;TQBR;1647.6;2;3295.2;;B;1
4332841740;01.09.2021;09:59:33;CHMF;TQBR;1647.6;270;444852;;B;1
4332841741;01.09.2021;09:59:33;CHMF;TQBR;1647.6;5;8238;;B;1
4332841742;01.09.2021;09:59:33;CHMF;TQBR;1647.6;17;28009.2;;B;1
4332841743;01.09.2021;09:59:33;CHMF;TQBR;1647.6;150;247140;;B;1
4332841744;01.09.2021;09:59:33;CHMF;TQBR;1647.6;26;42837.6;;S;1
4332841745;01.09.2021;09:59:33;CHMF;TQBR;1647.6;30;49428;;S;1
4332841746;01.09.2021;09:59:33;CHMF;TQBR;1647.6;191;314691.6;;S;1
4332841747;01.09.2021;09:59:33;CHMF;TQBR;1647.6;100;164760;;S;1
4332841748;01.09.2021;09:59:33;CHMF;TQBR;1647.6;128;210892.8;;S;1
4332841749;01.09.2021;09:59:33;CHMF;TQBR;1647.6;5;8238;;S;1
4332841750;01.09.2021;09:59:33;CHMF;TQBR;1647.6;1;1647.6;;S;1
4332841751;01.09.2021;09:59:33;CHMF;TQBR;1647.6;300;494280;;S;1
4332841752;01.09.2021;09:59:33;CHMF;TQBR;1647.6;77;126865.2;;S;1
4332841753;01.09.2021;09:59:33;CHMF;TQBR;1647.6;12;19771.2;;S;1
4332841754;01.09.2021;09:59:33;CHMF;TQBR;1647.6;185;304806;;B;1
4332841755;01.09.2021;09:59:33;CHMF;TQBR;1647.6;21;34599.6;;S;1
4332841756;01.09.2021;09:59:33;CHMF;TQBR;1647.6;2;3295.2;;S;1
4332841757;01.09.2021;09:59:33;CHMF;TQBR;1647.6;2;3295.2;;S;1
4332841758;01.09.2021;09:59:33;CHMF;TQBR;1647.6;201;331167.6;;S;1
4332841759;01.09.2021;09:59:33;CHMF;TQBR;1647.6;500;823800;;S;1
4332841760;01.09.2021;09:59:33;CHMF;TQBR;1647.6;50;82380;;S;1
4332841761;01.09.2021;09:59:33;CHMF;TQBR;1647.6;5;8238;;B;1
4332841762;01.09.2021;09:59:33;CHMF;TQBR;1647.6;1;1647.6;;S;1
4332841763;01.09.2021;09:59:33;CHMF;TQBR;1647.6;24;39542.4;;S;1
4332841764;01.09.2021;09:59:33;CHMF;TQBR;1647.6;1;1647.6;;S;1
4332841765;01.09.2021;09:59:33;CHMF;TQBR;1647.6;500;823800;;S;1
4332841766;01.09.2021;09:59:33;CHMF;TQBR;1647.6;191;314691.6;;S;1
4332841767;01.09.2021;09:59:33;CHMF;TQBR;1647.6;20;32952;;B;1
4332841768;01.09.2021;09:59:33;CHMF;TQBR;1647.6;1;1647.6;;S;1
4332841769;01.09.2021;09:59:33;CHMF;TQBR;1647.6;5;8238;;S;1
4332841770;01.09.2021;09:59:33;CHMF;TQBR;1647.6;1;1647.6;;S;1
4332841771;01.09.2021;09:59:33;CHMF;TQBR;1647.6;20;32952;;S;1
4332841772;01.09.2021;09:59:33;CHMF;TQBR;1647.6;1;1647.6;;S;1
4332841773;01.09.2021;09:59:33;CHMF;TQBR;1647.6;1;1647.6;;S;1
4332841774;01.09.2021;09:59:33;CHMF;TQBR;1647.6;20;32952;;S;1
4332841775;01.09.2021;09:59:33;CHMF;TQBR;1647.6;1;1647.6;;S;1
4332841776;01.09.2021;09:59:33;CHMF;TQBR;1647.6;1;1647.6;;S;1
4332841777;01.09.2021;09:59:33;CHMF;TQBR;1647.6;11;18123.6;;S;1
4332841778;01.09.2021;09:59:33;CHMF;TQBR;1647.6;1;1647.6;;S;1
4332841779;01.09.2021;09:59:33;CHMF;TQBR;1647.6;1;1647.6;;S;1
4332841780;01.09.2021;09:59:33;CHMF;TQBR;1647.6;14;23066.4;;S;1
4332841781;01.09.2021;09:59:33;CHMF;TQBR;1647.6;90;148284;;S;1
4332841782;01.09.2021;09:59:33;CHMF;TQBR;1647.6;1;1647.6;;S;1
4332841783;01.09.2021;09:59:33;CHMF;TQBR;1647.6;100;164760;;S;1
4332841784;01.09.2021;09:59:33;CHMF;TQBR;1647.6;100;164760;;S;1
4332841785;01.09.2021;09:59:33;CHMF;TQBR;1647.6;35;57666;;S;1
4332841786;01.09.2021;09:59:33;CHMF;TQBR;1647.6;2;3295.2;;S;1
4332841787;01.09.2021;09:59:33;CHMF;TQBR;1647.6;2;3295.2;;S;1
4332841788;01.09.2021;09:59:33;CHMF;TQBR;1647.6;2;3295.2;;S;1
4332841789;01.09.2021;09:59:33;CHMF;TQBR;1647.6;1;1647.6;;S;1
4332841790;01.09.2021;09:59:33;CHMF;TQBR;1647.6;417;687049.2;;S;1
4332841791;01.09.2021;09:59:33;CHMF;TQBR;1647.6;83;136750.8;;S;1
4332841792;01.09.2021;09:59:33;CHMF;TQBR;1647.6;5;8238;;S;1
4332841793;01.09.2021;09:59:33;CHMF;TQBR;1647.6;200;329520;;S;1
4332841794;01.09.2021;09:59:33;CHMF;TQBR;1647.6;5;8238;;S;1
4332841795;01.09.2021;09:59:33;CHMF;TQBR;1647.6;10;16476;;S;1
4332841796;01.09.2021;09:59:33;CHMF;TQBR;1647.6;10;16476;;S;1
4332841797;01.09.2021;09:59:33;CHMF;TQBR;1647.6;1;1647.6;;S;1
4332841798;01.09.2021;09:59:33;CHMF;TQBR;1647.6;12;19771.2;;S;1
4332841799;01.09.2021;09:59:33;CHMF;TQBR;1647.6;4;6590.4;;S;1
4332841800;01.09.2021;09:59:33;CHMF;TQBR;1647.6;50;82380;;S;1
4332841801;01.09.2021;09:59:33;CHMF;TQBR;1647.6;3;4942.8;;S;1
4332841802;01.09.2021;09:59:33;CHMF;TQBR;1647.6;114;187826.4;;S;1
4332841803;01.09.2021;09:59:33;CHMF;TQBR;1647.6;77;126865.2;;S;1
4332841804;01.09.2021;09:59:33;CHMF;TQBR;1647.6;66;108741.6;;S;1
4332841805;01.09.2021;09:59:33;CHMF;TQBR;1647.6;143;235606.8;;S;1
4332841806;01.09.2021;09:59:33;CHMF;TQBR;1647.6;3;4942.8;;B;1
4332841807;01.09.2021;09:59:33;CHMF;TQBR;1647.6;188;309748.8;;B;1
4332841808;01.09.2021;09:59:33;CHMF;TQBR;1647.6;1;1647.6;;B;1
4332841809;01.09.2021;09:59:33;CHMF;TQBR;1647.6;1;1647.6;;B;1
4332841810;01.09.2021;09:59:33;CHMF;TQBR;1647.6;20;32952;;B;1
4332841811;01.09.2021;09:59:33;CHMF;TQBR;1647.6;190;313044;;S;1
4332841812;01.09.2021;09:59:33;CHMF;TQBR;1647.6;255;420138;;S;1
4332841813;01.09.2021;09:59:33;CHMF;TQBR;1647.6;20;32952;;B;1
4332841814;01.09.2021;09:59:33;CHMF;TQBR;1647.6;1;1647.6;;S;1
4332841815;01.09.2021;09:59:33;CHMF;TQBR;1647.6;2;3295.2;;S;1
4332841816;01.09.2021;09:59:33;CHMF;TQBR;1647.6;5;8238;;B;1
4332841817;01.09.2021;09:59:33;CHMF;TQBR;1647.6;1;1647.6;;S;1
4332841818;01.09.2021;09:59:33;CHMF;TQBR;1647.6;1;1647.6;;S;1
4332841819;01.09.2021;09:59:33;CHMF;TQBR;1647.6;50;82380;;S;1
4332841820;01.09.2021;09:59:33;CHMF;TQBR;1647.6;90;148284;;S;1
4332841821;01.09.2021;09:59:33;CHMF;TQBR;1647.6;100;164760;;B;1
4332841822;01.09.2021;09:59:33;CHMF;TQBR;1647.6;20;32952;;B;1
4332841823;01.09.2021;09:59:33;CHMF;TQBR;1647.6;20;32952;;B;1
4332841824;01.09.2021;09:59:33;CHMF;TQBR;1647.6;35;57666;;S;1
4332841825;01.09.2021;09:59:33;CHMF;TQBR;1647.6;15;24714;;S;1
4332841826;01.09.2021;09:59:33;CHMF;TQBR;1647.6;128;210892.8;;S;1
4332841827;01.09.2021;09:59:33;CHMF;TQBR;1647.6;50;82380;;S;1
4332841828;01.09.2021;09:59:33;CHMF;TQBR;1647.6;143;235606.8;;S;1
4332841829;01.09.2021;09:59:33;CHMF;TQBR;1647.6;2;3295.2;;B;1
4332841830;01.09.2021;09:59:33;CHMF;TQBR;1647.6;30;49428;;S;1
4332841831;01.09.2021;09:59:33;CHMF;TQBR;1647.6;66;108741.6;;S;1
4332841832;01.09.2021;09:59:33;CHMF;TQBR;1647.6;104;171350.4;;S;1
4332841833;01.09.2021;09:59:33;CHMF;TQBR;1647.6;143;235606.8;;S;1
4332841834;01.09.2021;09:59:33;CHMF;TQBR;1647.6;53;87322.8;;S;1
4332841835;01.09.2021;09:59:33;CHMF;TQBR;1647.6;1000;1647600;;S;1
4332841836;01.09.2021;09:59:33;POLY;TQBR;1472.5;1;1472.5;;S;1
4332841837;01.09.2021;09:59:33;POLY;TQBR;1472.5;1;1472.5;;S;1
4332841838;01.09.2021;09:59:33;POLY;TQBR;1472.5;5;7362.5;;B;1
4332841839;01.09.2021;09:59:33;POLY;TQBR;1472.5;3;4417.5;;B;1
4332841840;01.09.2021;09:59:33;POLY;TQBR;1472.5;1;1472.5;;S;1
4332841841;01.09.2021;09:59:33;POLY;TQBR;1472.5;20;29450;;S;1
4332841842;01.09.2021;09:59:33;POLY;TQBR;1472.5;1;1472.5;;S;1
4332841843;01.09.2021;09:59:33;POLY;TQBR;1472.5;15;22087.5;;S;1
4332841844;01.09.2021;09:59:33;POLY;TQBR;1472.5;15;22087.5;;S;1
4332841845;01.09.2021;09:59:33;POLY;TQBR;1472.5;6;8835;;S;1
4332841846;01.09.2021;09:59:33;POLY;TQBR;1472.5;12;17670;;B;1
4332841847;01.09.2021;09:59:33;POLY;TQBR;1472.5;6;8835;;S;1
4332841848;01.09.2021;09:59:33;POLY;TQBR;1472.5;6;8835;;S;1
4332841849;01.09.2021;09:59:33;POLY;TQBR;1472.5;5;7362.5;;S;1
4332841850;01.09.2021;09:59:33;POLY;TQBR;1472.5;1;1472.5;;S;1
4332841851;01.09.2021;09:59:33;POLY;TQBR;1472.5;100;147250;;B;1
4332841852;01.09.2021;09:59:33;POLY;TQBR;1472.5;1;1472.5;;B;1
4332841853;01.09.2021;09:59:33;POLY;TQBR;1472.5;2;2945;;B;1
4332841854;01.09.2021;09:59:33;POLY;TQBR;1472.5;2;2945;;B;1
4332841855;01.09.2021;09:59:33;POLY;TQBR;1472.5;4;5890;;B;1
4332841856;01.09.2021;09:59:33;POLY;TQBR;1472.5;2;2945;;B;1
4332841857;01.09.2021;09:59:33;POLY;TQBR;1472.5;2;2945;;S;1
4332841858;01.09.2021;09:59:33;POLY;TQBR;1472.5;35;51537.5;;B;1
4332841859;01.09.2021;09:59:33;POLY;TQBR;1472.5;2;2945;;B;1
4332841860;01.09.2021;09:59:33;POLY;TQBR;1472.5;70;103075;;B;1
4332841861;01.09.2021;09:59:33;POLY;TQBR;1472.5;5;7362.5;;B;1
4332841862;01.09.2021;09:59:33;POLY;TQBR;1472.5;1;1472.5;;B;1
4332841863;01.09.2021;09:59:33;POLY;TQBR;1472.5;8;11780;;B;1
4332841864;01.09.2021;09:59:33;POLY;TQBR;1472.5;2;2945;;B;1
4332841865;01.09.2021;09:59:33;POLY;TQBR;1472.5;2;2945;;B;1
4332841866;01.09.2021;09:59:33;POLY;TQBR;1472.5;2;2945;;S;1
4332841867;01.09.2021;09:59:33;POLY;TQBR;1472.5;18;26505;;S;1
4332841868;01.09.2021;09:59:33;POLY;TQBR;1472.5;5;7362.5;;S;1
4332841869;01.09.2021;09:59:33;POLY;TQBR;1472.5;1;1472.5;;S;1
4332841870;01.09.2021;09:59:33;POLY;TQBR;1472.5;200;294500;;S;1
4332841871;01.09.2021;09:59:33;POLY;TQBR;1472.5;1;1472.5;;S;1
4332841872;01.09.2021;09:59:33;POLY;TQBR;1472.5;2;2945;;S;1
4332841873;01.09.2021;09:59:33;POLY;TQBR;1472.5;73;107492.5;;S;1
4332841874;01.09.2021;09:59:33;POLY;TQBR;1472.5;6;8835;;S;1
4332841875;01.09.2021;09:59:34;GMKN;TQBR;24120;1;24120;;B;1
4332841876;01.09.2021;09:59:34;GMKN;TQBR;24120;1;24120;;B;1
4332841877;01.09.2021;09:59:34;GMKN;TQBR;24120;2;48240;;B;1
4332841878;01.09.2021;09:59:34;GMKN;TQBR;24120;2;48240;;B;1
4332841879;01.09.2021;09:59:34;GMKN;TQBR;24120;1;24120;;B;1
4332841880;01.09.2021;09:59:34;GMKN;TQBR;24120;5;120600;;B;1
4332841881;01.09.2021;09:59:34;GMKN;TQBR;24120;4;96480;;B;1
4332841882;01.09.2021;09:59:34;GMKN;TQBR;24120;1;24120;;B;1
4332841883;01.09.2021;09:59:34;GMKN;TQBR;24120;1;24120;;S;1
4332841884;01.09.2021;09:59:34;GMKN;TQBR;24120;3;72360;;B;1
4332841885;01.09.2021;09:59:34;GMKN;TQBR;24120;4;96480;;B;1
4332841886;01.09.2021;09:59:34;GMKN;TQBR;24120;4;96480;;B;1
4332841887;01.09.2021;09:59:34;GMKN;TQBR;24120;4;96480;;B;1
4332841888;01.09.2021;09:59:34;GMKN;TQBR;24120;15;361800;;B;1
4332841889;01.09.2021;09:59:34;GMKN;TQBR;24120;1;24120;;B;1
4332841890;01.09.2021;09:59:34;GMKN;TQBR;24120;7;168840;;B;1
4332841891;01.09.2021;09:59:34;GMKN;TQBR;24120;1;24120;;B;1
4332841892;01.09.2021;09:59:34;GMKN;TQBR;24120;5;120600;;S;1
4332841893;01.09.2021;09:59:34;GMKN;TQBR;24120;3;72360;;B;1
4332841894;01.09.2021;09:59:34;GMKN;TQBR;24120;1;24120;;B;1
4332841895;01.09.2021;09:59:34;GMKN;TQBR;24120;1;24120;;B;1
4332841896;01.09.2021;09:59:34;GMKN;TQBR;24120;10;241200;;B;1
4332841897;01.09.2021;09:59:34;GMKN;TQBR;24120;6;144720;;B;1
4332841898;01.09.2021;09:59:34;GMKN;TQBR;24120;4;96480;;B;1
4332841899;01.09.2021;09:59:34;GMKN;TQBR;24120;5;120600;;S;1
4332841900;01.09.2021;09:59:34;TUZA;TQBR;105;10;1050;;B;1
4332841901;01.09.2021;09:59:34;VTBR;TQBR;0.052995;20000;1059.9;;S;1
4332841902;01.09.2021;09:59:34;VTBR;TQBR;0.052995;70000;3709.65;;S;1
4332841903;01.09.2021;09:59:34;VTBR;TQBR;0.052995;170000;9009.15;;S;1
4332841904;01.09.2021;09:59:34;VTBR;TQBR;0.052995;30000;1589.85;;B;1
4332841905;01.09.2021;09:59:34;VTBR;TQBR;0.052995;30000;1589.85;;B;1
4332841906;01.09.2021;09:59:34;VTBR;TQBR;0.052995;10000;529.95;;S;1
4332841907;01.09.2021;09:59:34;VTBR;TQBR;0.052995;960000;50875.2;;S;1
4332841908;01.09.2021;09:59:34;VTBR;TQBR;0.052995;3230000;171173.85;;S;1
4332841909;01.09.2021;09:59:34;VTBR;TQBR;0.052995;10000;529.95;;B;1
4332841910;01.09.2021;09:59:34;VTBR;TQBR;0.052995;10000;529.95;;B;1
4332841911;01.09.2021;09:59:34;VTBR;TQBR;0.052995;5000000;264975;;B;1
4332841912;01.09.2021;09:59:34;VTBR;TQBR;0.052995;10000;529.95;;B;1
4332841913;01.09.2021;09:59:34;VTBR;TQBR;0.052995;20000;1059.9;;B;1
4332841914;01.09.2021;09:59:34;VTBR;TQBR;0.052995;10000;529.95;;B;1
4332841915;01.09.2021;09:59:34;VTBR;TQBR;0.052995;10000;529.95;;B;1
4332841916;01.09.2021;09:59:34;VTBR;TQBR;0.052995;410000;21727.95;;S;1
4332841917;01.09.2021;09:59:34;VTBR;TQBR;0.052995;650000;34446.75;;S;1
4332841918;01.09.2021;09:59:34;VTBR;TQBR;0.052995;7000000;370965;;S;1
4332841919;01.09.2021;09:59:34;VTBR;TQBR;0.052995;10000;529.95;;S;1
4332841920;01.09.2021;09:59:34;VTBR;TQBR;0.052995;3630000;192371.85;;S;1
4332841921;01.09.2021;09:59:34;VTBR;TQBR;0.052995;810000;42925.95;;S;1
4332841922;01.09.2021;09:59:34;VTBR;TQBR;0.052995;190000;10069.05;;B;1
4332841923;01.09.2021;09:59:34;VTBR;TQBR;0.052995;4310000;228408.45;;B;1
4332841924;01.09.2021;09:59:34;VTBR;TQBR;0.052995;50000;2649.75;;B;1
4332841925;01.09.2021;09:59:34;VTBR;TQBR;0.052995;10000;529.95;;B;1
4332841926;01.09.2021;09:59:34;VTBR;TQBR;0.052995;60000;3179.7;;B;1
4332841927;01.09.2021;09:59:34;VTBR;TQBR;0.052995;650000;34446.75;;B;1
4332841928;01.09.2021;09:59:34;VTBR;TQBR;0.052995;10000;529.95;;B;1
4332841929;01.09.2021;09:59:34;VTBR;TQBR;0.052995;10000000;529950;;B;1
4332841930;01.09.2021;09:59:34;VTBR;TQBR;0.052995;10000000;529950;;B;1
4332841931;01.09.2021;09:59:34;VTBR;TQBR;0.052995;8490000;449927.55;;B;1
4332841932;01.09.2021;09:59:34;VTBR;TQBR;0.052995;40000;2119.8;;B;1
4332841933;01.09.2021;09:59:34;VTBR;TQBR;0.052995;8450000;447807.75;;B;1
4332841934;01.09.2021;09:59:34;VTBR;TQBR;0.052995;500000;26497.5;;B;1
4332841935;01.09.2021;09:59:34;VTBR;TQBR;0.052995;10000;529.95;;B;1
4332841936;01.09.2021;09:59:34;VTBR;TQBR;0.052995;7420000;393222.9;;B;1
4332841937;01.09.2021;09:59:34;VTBR;TQBR;0.052995;7830000;414950.85;;B;1
4332841938;01.09.2021;09:59:34;VTBR;TQBR;0.052995;10000000;529950;;B;1
4332841939;01.09.2021;09:59:34;VTBR;TQBR;0.052995;10000000;529950;;B;1
4332841940;01.09.2021;09:59:34;VTBR;TQBR;0.052995;10000000;529950;;B;1
4332841941;01.09.2021;09:59:34;VTBR;TQBR;0.052995;900000;47695.5;;B;1
4332841942;01.09.2021;09:59:34;VTBR;TQBR;0.052995;40000;2119.8;;B;1
4332841943;01.09.2021;09:59:34;VTBR;TQBR;0.052995;11230000;595133.85;;B;1
4332841944;01.09.2021;09:59:34;VTBR;TQBR;0.052995;4730000;250666.35;;B;1
4332841945;01.09.2021;09:59:34;VTBR;TQBR;0.052995;270000;14308.65;;B;1
4332841946;01.09.2021;09:59:34;VTBR;TQBR;0.052995;380000;20138.1;;B;1
4332841947;01.09.2021;09:59:34;VTBR;TQBR;0.052995;30000;1589.85;;B;1
4332841948;01.09.2021;09:59:34;VTBR;TQBR;0.052995;100000;5299.5;;B;1
4332841949;01.09.2021;09:59:34;VTBR;TQBR;0.052995;10000;529.95;;B;1
4332841950;01.09.2021;09:59:34;VTBR;TQBR;0.052995;200000;10599;;B;1
4332841951;01.09.2021;09:59:34;VTBR;TQBR;0.052995;350000;18548.25;;B;1
4332841952;01.09.2021;09:59:34;VTBR;TQBR;0.052995;3930000;208270.35;;B;1
4332841953;01.09.2021;09:59:34;VTBR;TQBR;0.052995;500000;26497.5;;S;1
4332841954;01.09.2021;09:59:34;VTBR;TQBR;0.052995;6000000;317970;;S;1
4332841955;01.09.2021;09:59:34;VTBR;TQBR;0.052995;500000;26497.5;;S;1
4332841956;01.09.2021;09:59:35;AMEZ;TQBR;18.2;200;3640;;B;1
4332841957;01.09.2021;09:59:35;ISKJ;TQBR;88.51;100;8851;;B;1
4332841958;01.09.2021;09:59:35;ISKJ;TQBR;88.51;10;885.1;;B;1
4332841959;01.09.2021;09:59:35;ISKJ;TQBR;88.51;150;13276.5;;B;1
4332841960;01.09.2021;09:59:35;ISKJ;TQBR;88.51;150;13276.5;;B;1
4332841961;01.09.2021;09:59:35;ISKJ;TQBR;88.51;200;17702;;B;1
4332841962;01.09.2021;09:59:35;ISKJ;TQBR;88.51;10;885.1;;B;1
4332841963;01.09.2021;09:59:35;KAZT;TQBR;296.6;30;8898;;B;1
4332841964;01.09.2021;09:59:35;ROST;TQBR;76;50;3800;;B;1
4332841965;01.09.2021;09:59:35;ROST;TQBR;76;10;760;;S;1
4332841966;01.09.2021;09:59:35;ROST;TQBR;76;40;3040;;S;1
4332841967;01.09.2021;09:59:35;ROST;TQBR;76;10;760;;S;1
4332841968;01.09.2021;09:59:35;ROST;TQBR;76;40;3040;;S;1
4332841969;01.09.2021;09:59:36;FXRW;TQTF;1.297;2100;2723.7;;B;1
4332841970;01.09.2021;09:59:36;MVID;TQBR;629;1;629;;B;1
4332841971;01.09.2021;09:59:36;MVID;TQBR;629;5;3145;;B;1
4332841972;01.09.2021;09:59:36;MVID;TQBR;629;8;5032;;S;1
4332841973;01.09.2021;09:59:36;MVID;TQBR;629;50;31450;;B;1
4332841974;01.09.2021;09:59:36;MVID;TQBR;629;10;6290;;B;1
4332841975;01.09.2021;09:59:36;MVID;TQBR;629;2;1258;;S;1
4332841976;01.09.2021;09:59:36;MVID;TQBR;629;1;629;;B;1
4332841977;01.09.2021;09:59:36;MVID;TQBR;629;1;629;;S;1
4332841978;01.09.2021;09:59:36;MVID;TQBR;629;2;1258;;B;1
4332841979;01.09.2021;09:59:36;MVID;TQBR;629;1;629;;S;1
4332841980;01.09.2021;09:59:36;MVID;TQBR;629;1;629;;S;1
4332841981;01.09.2021;09:59:36;MVID;TQBR;629;1;629;;S;1
4332841982;01.09.2021;09:59:36;MVID;TQBR;629;1;629;;B;1
4332841983;01.09.2021;09:59:36;MVID;TQBR;629;50;31450;;B;1
4332841984;01.09.2021;09:59:36;MVID;TQBR;629;2;1258;;B;1
4332841985;01.09.2021;09:59:36;MVID;TQBR;629;10;6290;;S;1
4332841986;01.09.2021;09:59:36;MVID;TQBR;629;5;3145;;B;1
4332841987;01.09.2021;09:59:36;NLMK;TQBR;248.84;10;2488.4;;S;1
4332841988;01.09.2021;09:59:36;NLMK;TQBR;248.84;10;2488.4;;B;1
4332841989;01.09.2021;09:59:36;NLMK;TQBR;248.84;30;7465.2;;S;1
4332841990;01.09.2021;09:59:36;NLMK;TQBR;248.84;290;72163.6;;S;1
4332841991;01.09.2021;09:59:36;NLMK;TQBR;248.84;360;89582.4;;S;1
4332841992;01.09.2021;09:59:36;NLMK;TQBR;248.84;310;77140.4;;S;1
4332841993;01.09.2021;09:59:36;NLMK;TQBR;248.84;100;24884;;B;1
4332841994;01.09.2021;09:59:36;NLMK;TQBR;248.84;400;99536;;B;1
4332841995;01.09.2021;09:59:36;NLMK;TQBR;248.84;400;99536;;B;1
4332841996;01.09.2021;09:59:36;NLMK;TQBR;248.84;310;77140.4;;S;1
4332841997;01.09.2021;09:59:36;NLMK;TQBR;248.84;400;99536;;B;1
4332841998;01.09.2021;09:59:36;NLMK;TQBR;248.84;350;87094;;S;1
4332841999;01.09.2021;09:59:36;NLMK;TQBR;248.84;2040;507633.6;;S;1
4332842000;01.09.2021;09:59:36;NLMK;TQBR;248.84;400;99536;;S;1
4332842001;01.09.2021;09:59:36;NLMK;TQBR;248.84;2930;729101.2;;S;1
4332842002;01.09.2021;09:59:36;NLMK;TQBR;248.84;300;74652;;B;1
4332842003;01.09.2021;09:59:36;NLMK;TQBR;248.84;20;4976.8;;B;1
4332842004;01.09.2021;09:59:36;NLMK;TQBR;248.84;300;74652;;B;1
4332842005;01.09.2021;09:59:36;NLMK;TQBR;248.84;10;2488.4;;B;1
4332842006;01.09.2021;09:59:36;NLMK;TQBR;248.84;1000;248840;;B;1
4332842007;01.09.2021;09:59:36;NLMK;TQBR;248.84;10;2488.4;;B;1
4332842008;01.09.2021;09:59:36;NLMK;TQBR;248.84;730;181653.2;;B;1
4332842009;01.09.2021;09:59:36;NLMK;TQBR;248.84;100;24884;;B;1
4332842010;01.09.2021;09:59:36;NLMK;TQBR;248.84;10;2488.4;;B;1
4332842011;01.09.2021;09:59:36;NLMK;TQBR;248.84;800;199072;;B;1
4332842012;01.09.2021;09:59:36;NLMK;TQBR;248.84;10;2488.4;;B;1
4332842013;01.09.2021;09:59:36;NLMK;TQBR;248.84;1000;248840;;B;1
4332842014;01.09.2021;09:59:36;NLMK;TQBR;248.84;4000;995360;;B;1
4332842015;01.09.2021;09:59:36;NLMK;TQBR;248.84;4000;995360;;B;1
4332842016;01.09.2021;09:59:36;NLMK;TQBR;248.84;4000;995360;;B;1
4332842017;01.09.2021;09:59:36;NLMK;TQBR;248.84;1000;248840;;B;1
4332842018;01.09.2021;09:59:36;NLMK;TQBR;248.84;50;12442;;B;1
4332842019;01.09.2021;09:59:36;NLMK;TQBR;248.84;150;37326;;B;1
4332842020;01.09.2021;09:59:36;NLMK;TQBR;248.84;5000;1244200;;B;1
4332842021;01.09.2021;09:59:36;NLMK;TQBR;248.84;1000;248840;;B;1
4332842022;01.09.2021;09:59:36;NLMK;TQBR;248.84;100;24884;;B;1
4332842023;01.09.2021;09:59:36;NLMK;TQBR;248.84;3480;865963.2;;B;1
4332842024;01.09.2021;09:59:36;NLMK;TQBR;248.84;10;2488.4;;B;1
4332842025;01.09.2021;09:59:36;NLMK;TQBR;248.84;340;84605.6;;B;1
4332842026;01.09.2021;09:59:36;NLMK;TQBR;248.84;40;9953.6;;B;1
4332842029;01.09.2021;09:59:37;SBSP;TQTF;1771.4;1;1771.4;;S;1
4332842030;01.09.2021;09:59:37;SBSP;TQTF;1771.4;2;3542.8;;S;1
4332842031;01.09.2021;09:59:37;SBSP;TQTF;1771.4;1;1771.4;;S;1
4332842032;01.09.2021;09:59:37;TRUR;TQTF;6.18;2000;12360;;S;1
4332842033;01.09.2021;09:59:37;TRUR;TQTF;6.18;2000;12360;;S;1
4332842034;01.09.2021;09:59:37;TRUR;TQTF;6.18;1000;6180;;B;1
4332842035;01.09.2021;09:59:37;TRUR;TQTF;6.18;1000;6180;;B;1
4332842036;01.09.2021;09:59:37;TRUR;TQTF;6.18;1000;6180;;B;1
4332842037;01.09.2021;09:59:37;TRUR;TQTF;6.18;1000;6180;;B;1
4332842038;01.09.2021;09:59:37;TRUR;TQTF;6.18;1000;6180;;B;1
4332842039;01.09.2021;09:59:37;TRUR;TQTF;6.18;1000;6180;;B;1
4332842040;01.09.2021;09:59:37;TRUR;TQTF;6.18;1000;6180;;B;1
4332842041;01.09.2021;09:59:37;TRUR;TQTF;6.18;1000;6180;;B;1
4332842042;01.09.2021;09:59:37;TRUR;TQTF;6.18;1000;6180;;B;1
4332842043;01.09.2021;09:59:37;TRUR;TQTF;6.18;1000;6180;;B;1
4332842044;01.09.2021;09:59:37;TRUR;TQTF;6.18;1000;6180;;B;1
4332842045;01.09.2021;09:59:37;TRUR;TQTF;6.18;1000;6180;;B;1
4332842046;01.09.2021;09:59:37;TRUR;TQTF;6.18;1000;6180;;B;1
4332842047;01.09.2021;09:59:37;TRUR;TQTF;6.18;1000;6180;;B;1
4332842048;01.09.2021;09:59:37;TRUR;TQTF;6.18;2000;12360;;S;1
4332842052;01.09.2021;09:59:37;BANEP;TQBR;1080.5;1;1080.5;;B;1
4332842053;01.09.2021;09:59:37;BANEP;TQBR;1080.5;1;1080.5;;S;1
4332842054;01.09.2021;09:59:37;BANEP;TQBR;1080.5;10;10805;;S;1
4332842055;01.09.2021;09:59:37;BANEP;TQBR;1080.5;5;5402.5;;S;1
4332842056;01.09.2021;09:59:37;BANEP;TQBR;1080.5;4;4322;;B;1
4332842057;01.09.2021;09:59:37;BANEP;TQBR;1080.5;50;54025;;B;1
4332842058;01.09.2021;09:59:37;BANEP;TQBR;1080.5;1;1080.5;;S;1
4332842059;01.09.2021;09:59:37;ENRU;TQBR;0.863;1000;863;;B;1
4332842060;01.09.2021;09:59:37;QIWI;TQBR;700;1;700;;S;1
4332842061;01.09.2021;09:59:37;QIWI;TQBR;700;2;1400;;S;1
4332842062;01.09.2021;09:59:38;FXCN;TQTD;45.27;50;2263.5;;B;1
4332842063;01.09.2021;09:59:38;FXCN;TQTD;45.27;50;2263.5;;B;1
4332842064;01.09.2021;09:59:38;FXCN;TQTD;45.27;1;45.27;;B;1
4332842065;01.09.2021;09:59:38;FXIM;TQTF;98.74;8;789.92;;B;1
4332842066;01.09.2021;09:59:38;FXIM;TQTF;98.74;3;296.22;;B;1
4332842067;01.09.2021;09:59:38;FXIM;TQTF;98.74;7;691.18;;S;1
4332842068;01.09.2021;09:59:38;FXIM;TQTF;98.74;14;1382.36;;S;1
4332842069;01.09.2021;09:59:38;FXIM;TQTF;98.74;1;98.74;;S;1
4332842070;01.09.2021;09:59:38;FXIM;TQTF;98.74;5;493.7;;S;1
4332842071;01.09.2021;09:59:38;CBOM;TQBR;6.938;1100;7631.8;;S;1
4332842072;01.09.2021;09:59:38;CBOM;TQBR;6.938;400;2775.2;;B;1
4332842073;01.09.2021;09:59:38;CBOM;TQBR;6.938;1800;12488.4;;S;1
4332842074;01.09.2021;09:59:38;CBOM;TQBR;6.938;700;4856.6;;S;1
4332842075;01.09.2021;09:59:38;CBOM;TQBR;6.938;109900;762486.2;;S;1
4332842076;01.09.2021;09:59:38;CBOM;TQBR;6.938;1300;9019.4;;B;1
4332842077;01.09.2021;09:59:38;ETLN;TQBR;123.9;500;61950;;B;1
4332842078;01.09.2021;09:59:38;ETLN;TQBR;123.9;500;61950;;B;1
4332842079;01.09.2021;09:59:38;FLOT;TQBR;87.99;10;879.9;;S;1
4332842080;01.09.2021;09:59:38;FLOT;TQBR;87.99;10;879.9;;S;1
4332842081;01.09.2021;09:59:38;FLOT;TQBR;87.99;50;4399.5;;B;1
4332842082;01.09.2021;09:59:38;FLOT;TQBR;87.99;150;13198.5;;B;1
4332842083;01.09.2021;09:59:38;PIKK;TQBR;1354;18;24372;;B;1
4332842084;01.09.2021;09:59:38;SELGP;TQBR;43.45;200;8690;;S;1
4332842085;01.09.2021;09:59:38;SLEN;TQBR;4.05;400;1620;;B;1
4332842086;01.09.2021;09:59:38;SLEN;TQBR;4.05;8200;33210;;B;1
4332842087;01.09.2021;09:59:38;SLEN;TQBR;4.05;7300;29565;;B;1
4332842088;01.09.2021;09:59:38;SLEN;TQBR;4.05;100;405;;B;1
4332842089;01.09.2021;09:59:38;SLEN;TQBR;4.05;100;405;;B;1
4332842090;01.09.2021;09:59:38;SLEN;TQBR;4.05;100;405;;B;1
4332842091;01.09.2021;09:59:38;SLEN;TQBR;4.05;100;405;;B;1
4332842092;01.09.2021;09:59:38;SLEN;TQBR;4.05;100;405;;B;1
4332842093;01.09.2021;09:59:38;SLEN;TQBR;4.05;100;405;;B;1
4332842094;01.09.2021;09:59:38;SLEN;TQBR;4.05;100;405;;B;1
4332842095;01.09.2021;09:59:38;SLEN;TQBR;4.05;100;405;;B;1
4332842096;01.09.2021;09:59:38;SLEN;TQBR;4.05;100;405;;B;1
4332842097;01.09.2021;09:59:38;SLEN;TQBR;4.05;100;405;;B;1
4332842098;01.09.2021;09:59:38;SLEN;TQBR;4.05;100;405;;B;1
4332842099;01.09.2021;09:59:38;SLEN;TQBR;4.05;100;405;;B;1
4332842100;01.09.2021;09:59:38;SLEN;TQBR;4.05;100;405;;B;1
4332842101;01.09.2021;09:59:38;SLEN;TQBR;4.05;100;405;;B;1
4332842102;01.09.2021;09:59:38;SLEN;TQBR;4.05;100;405;;B;1
4332842103;01.09.2021;09:59:38;SLEN;TQBR;4.05;100;405;;B;1
4332842104;01.09.2021;09:59:38;SLEN;TQBR;4.05;100;405;;B;1
4332842105;01.09.2021;09:59:38;SLEN;TQBR;4.05;100;405;;B;1
4332842106;01.09.2021;09:59:38;SLEN;TQBR;4.05;100;405;;B;1
4332842107;01.09.2021;09:59:38;SLEN;TQBR;4.05;100;405;;B;1
4332842108;01.09.2021;09:59:38;SLEN;TQBR;4.05;100;405;;B;1
4332842109;01.09.2021;09:59:38;SLEN;TQBR;4.05;100;405;;B;1
4332842110;01.09.2021;09:59:38;SLEN;TQBR;4.05;100;405;;B;1
4332842111;01.09.2021;09:59:38;SLEN;TQBR;4.05;100;405;;B;1
4332842112;01.09.2021;09:59:38;SLEN;TQBR;4.05;100;405;;B;1
4332842113;01.09.2021;09:59:38;SLEN;TQBR;4.05;100;405;;B;1
4332842114;01.09.2021;09:59:38;SLEN;TQBR;4.05;100;405;;B;1
4332842115;01.09.2021;09:59:38;SLEN;TQBR;4.05;100;405;;B;1
4332842116;01.09.2021;09:59:38;SLEN;TQBR;4.05;100;405;;B;1
4332842117;01.09.2021;09:59:38;SLEN;TQBR;4.05;100;405;;B;1
4332842118;01.09.2021;09:59:38;SLEN;TQBR;4.05;100;405;;B;1
4332842119;01.09.2021;09:59:38;SLEN;TQBR;4.05;100;405;;B;1
4332842120;01.09.2021;09:59:38;SLEN;TQBR;4.05;100;405;;B;1
4332842121;01.09.2021;09:59:38;SLEN;TQBR;4.05;100;405;;B;1
4332842122;01.09.2021;09:59:38;SLEN;TQBR;4.05;100;405;;B;1
4332842123;01.09.2021;09:59:38;SLEN;TQBR;4.05;100;405;;B;1
4332842124;01.09.2021;09:59:38;SLEN;TQBR;4.05;100;405;;B;1
4332842125;01.09.2021;09:59:38;SLEN;TQBR;4.05;100;405;;B;1
4332842126;01.09.2021;09:59:38;SLEN;TQBR;4.05;100;405;;B;1
4332842127;01.09.2021;09:59:38;SLEN;TQBR;4.05;100;405;;B;1
4332842128;01.09.2021;09:59:38;SLEN;TQBR;4.05;100;405;;S;1
4332842129;01.09.2021;09:59:39;TIPO;TQTD;0.1069;1;0.11;;B;1
4332842130;01.09.2021;09:59:39;TIPO;TQTD;0.1069;1;0.11;;B;1
4332842131;01.09.2021;09:59:39;TIPO;TQTD;0.1069;1;0.11;;B;1
4332842132;01.09.2021;09:59:39;TIPO;TQTD;0.1069;1;0.11;;B;1
4332842133;01.09.2021;09:59:39;TIPO;TQTD;0.1069;1;0.11;;B;1
4332842134;01.09.2021;09:59:39;TIPO;TQTD;0.1069;1;0.11;;B;1
4332842135;01.09.2021;09:59:39;TIPO;TQTD;0.1069;1;0.11;;B;1
4332842136;01.09.2021;09:59:39;TIPO;TQTD;0.1069;1;0.11;;B;1
4332842137;01.09.2021;09:59:39;TIPO;TQTD;0.1069;1;0.11;;B;1
4332842138;01.09.2021;09:59:39;TIPO;TQTD;0.1069;1;0.11;;B;1
4332842139;01.09.2021;09:59:39;TIPO;TQTD;0.1069;1;0.11;;B;1
4332842140;01.09.2021;09:59:39;TIPO;TQTD;0.1069;1;0.11;;B;1
4332842141;01.09.2021;09:59:39;TIPO;TQTD;0.1069;1;0.11;;B;1
4332842142;01.09.2021;09:59:39;TIPO;TQTD;0.1069;1;0.11;;B;1
4332842143;01.09.2021;09:59:39;TIPO;TQTD;0.1069;1;0.11;;B;1
4332842144;01.09.2021;09:59:39;TIPO;TQTD;0.1069;1;0.11;;B;1
4332842145;01.09.2021;09:59:39;TIPO;TQTD;0.1069;1;0.11;;B;1
4332842146;01.09.2021;09:59:39;TIPO;TQTD;0.1069;1;0.11;;B;1
4332842147;01.09.2021;09:59:39;TIPO;TQTD;0.1069;1;0.11;;B;1
4332842148;01.09.2021;09:59:39;TIPO;TQTD;0.1069;1;0.11;;B;1
4332842149;01.09.2021;09:59:39;TIPO;TQTD;0.1069;1;0.11;;B;1
4332842150;01.09.2021;09:59:39;TIPO;TQTD;0.1069;1;0.11;;B;1
4332842151;01.09.2021;09:59:39;TIPO;TQTD;0.1069;1;0.11;;B;1
4332842152;01.09.2021;09:59:39;TIPO;TQTD;0.1069;1;0.11;;B;1
4332842153;01.09.2021;09:59:39;TIPO;TQTD;0.1069;1;0.11;;B;1
4332842154;01.09.2021;09:59:39;TIPO;TQTD;0.1069;1;0.11;;B;1
4332842155;01.09.2021;09:59:39;TIPO;TQTD;0.1069;1;0.11;;B;1
4332842156;01.09.2021;09:59:39;TIPO;TQTD;0.1069;1;0.11;;B;1
4332842157;01.09.2021;09:59:39;TIPO;TQTD;0.1069;1;0.11;;B;1
4332842158;01.09.2021;09:59:39;TIPO;TQTD;0.1069;1;0.11;;B;1
4332842159;01.09.2021;09:59:39;TIPO;TQTD;0.1069;1;0.11;;B;1
4332842160;01.09.2021;09:59:39;TIPO;TQTD;0.1069;1;0.11;;B;1
4332842161;01.09.2021;09:59:39;TIPO;TQTD;0.1069;1;0.11;;B;1
4332842162;01.09.2021;09:59:39;TIPO;TQTD;0.1069;1;0.11;;B;1
4332842163;01.09.2021;09:59:39;TIPO;TQTD;0.1069;1;0.11;;B;1
4332842164;01.09.2021;09:59:39;TIPO;TQTD;0.1069;1;0.11;;B;1
